1,403,0,84.38,44.8,16.6666666666667
1,400,0,84.35,43.15,16.6666666666667
1,400,0,84.44,43.53,16.6666666666667
1,406,0,84.44,45.98,16.6666666666667
1,420,3,84.41,45.69,16.6666666666667
1,420,3,84.46,44.02,16.6666666666667
1,406,0,84.41,41.96,16.6666666666667
1,400,0,84.44,40.82,16.6666666666667
1,400,0,84.49,41.53,16.6666666666667
1,400,0,84.55,41.75,16.6666666666667
1,400,0,84.46,41.18,16.6666666666667
1,400,0,84.46,39.96,16.6666666666667
1,400,0,84.52,38.89,16.6666666666667
1,400,0,84.61,40.35,16.6666666666667
1,405,0,84.61,41.32,16.6666666666667
1,400,0,84.63,40.61,16.6666666666667
1,405,0,84.66,40.12,16.6666666666667
1,413,1,84.69,40.18,16.6666666666667
1,420,3,84.75,43.23,16.6666666666667
1,405,0,84.72,43.13,16.6666666666667
1,405,0,84.72,41.29,16.6666666666667
1,405,0,84.77,40.26,16.6666666666667
1,400,0,84.8,39.42,16.6666666666667
1,400,0,84.75,38.34,16.6666666666667
1,400,0,84.8,37.86,16.6666666666667
1,414,2,84.86,37.46,16.6666666666667
1,406,0,84.86,37.21,16.6666666666667
1,400,0,84.86,37.28,16.6666666666667
1,400,0,84.86,37.62,16.6666666666667
1,409,1,84.86,40.05,16.6666666666667
1,403,0,84.91,39.75,16.6666666666667
1,409,1,84.94,39.39,16.6666666666667
1,438,5,84.94,38.91,16.6666666666667
1,460,9,84.94,38.39,16.6666666666667
1,472,10,84.91,38.19,16.6666666666667
1,482,12,85,38.68,16.6666666666667
1,472,10,84.97,38.99,16.6666666666667
1,472,10,84.97,38.51,16.6666666666667
1,477,11,84.97,38.37,16.6666666666667
1,486,13,85,38.19,16.6666666666667
1,493,14,85.03,38.68,16.6666666666667
1,502,15,85.03,38.86,16.6666666666667
1,502,15,85.06,38.74,16.6666666666667
1,498,14,85.03,38.32,16.6666666666667
1,464,9,85.06,37.85,16.6666666666667
1,452,7,85.08,38.66,16.6666666666667
1,441,6,85.11,38.98,16.6666666666667
1,438,5,85.08,38.54,16.6666666666667
1,433,5,85.14,38.14,16.6666666666667
1,438,5,85.17,37.84,16.6666666666667
1,433,5,85.14,37.6,16.6666666666667
1,441,6,85.11,37.44,16.6666666666667
1,422,3,85.11,37.15,16.6666666666667
1,409,1,85.2,36.77,16.6666666666667
1,403,0,85.08,36.42,16.6666666666667
1,400,0,85.11,36.36,16.6666666666667
1,405,0,85,36.33,16.6666666666667
1,408,1,85,36.35,16.6666666666667
1,414,2,85,36.35,16.6666666666667
1,414,2,84.97,36.53,16.6666666666667
1,408,1,84.97,36.51,16.6666666666667
1,400,0,84.91,36.43,16.6666666666667
1,405,0,84.94,36.45,16.6666666666667
1,413,1,84.89,36.65,16.6666666666667
1,413,1,84.91,36.79,16.6666666666667
1,413,1,84.97,36.86,16.6666666666667
1,418,2,84.97,36.78,16.6666666666667
1,413,1,84.97,37.36,16.6666666666667
1,418,2,85,38.52,16.6666666666667
1,422,3,85.06,37.96,16.6666666666667
1,418,2,85.06,37.49,16.6666666666667
1,418,2,85.06,37.15,16.6666666666667
1,422,3,85.08,37.03,16.6666666666667
1,418,2,85.11,36.8,16.6666666666667
1,418,2,85.06,36.72,16.6666666666667
1,422,3,85.2,36.85,16.6666666666667
1,422,3,85.17,36.93,16.6666666666667
1,433,5,85.11,37.25,16.6666666666667
1,435,5,85.14,37.19,16.6666666666667
1,435,5,85.2,37.1,16.6666666666667
1,433,5,85.25,37.22,16.6666666666667
1,426,3,85.2,37.71,16.6666666666667
1,426,3,85.28,38.33,16.6666666666667
1,433,5,85.28,38.17,16.6666666666667
1,443,6,85.31,39.62,16.6666666666667
1,435,5,85.36,40.34,16.6666666666667
1,425,3,85.36,40.49,16.6666666666667
1,421,3,85.36,40.12,16.6666666666667
1,407,1,85.36,38.29,16.6666666666667
1,400,0,85.39,37.35,16.6666666666667
1,400,0,85.36,36.86,16.6666666666667
1,400,0,85.34,36.51,16.6666666666667
1,403,0,85.31,36.61,16.6666666666667
1,400,0,85.31,36.41,16.6666666666667
1,403,0,85.22,36.83,16.6666666666667
1,400,0,85.11,36.68,16.6666666666667
1,400,0,85.14,36.79,16.6666666666667
1,400,0,85.11,36.71,16.6666666666667
1,406,0,85.17,36.68,16.6666666666667
1,409,1,85.08,36.72,16.6666666666667
1,409,1,85.11,37.8,16.6666666666667
1,418,2,85.06,37.61,16.6666666666667
1,414,2,85.03,37.27,16.6666666666667
1,418,2,85.08,36.95,16.6666666666667
1,409,1,85.06,36.68,16.6666666666667
1,406,0,85.06,36.51,16.6666666666667
1,409,1,85,36.39,16.6666666666667
1,406,0,85,36.37,16.6666666666667
1,400,0,84.97,36.51,16.6666666666667
1,400,0,84.91,36.41,16.6666666666667
1,400,0,84.83,36.4,16.6666666666667
1,403,0,84.89,36.55,16.6666666666667
1,409,1,84.91,36.67,16.6666666666667
1,409,1,84.86,37.18,16.6666666666667
1,417,2,84.97,37.63,16.6666666666667
1,417,2,84.97,37.55,16.6666666666667
1,422,3,85,37.42,16.6666666666667
1,438,5,84.97,37.22,16.6666666666667
1,445,6,85.03,37.31,16.6666666666667
1,445,6,85.08,37.33,16.6666666666667
1,452,7,85.11,37.69,16.6666666666667
1,441,6,85.08,37.47,16.6666666666667
1,433,5,85.11,37.48,16.6666666666667
1,441,6,85.08,37.35,16.6666666666667
1,445,6,85.17,37.21,16.6666666666667
1,455,8,85.25,37.36,16.6666666666667
1,472,10,85.28,37.28,16.6666666666667
1,452,7,85.31,37.45,16.6666666666667
1,452,7,85.28,37.62,16.6666666666667
1,464,9,85.31,38.09,16.6666666666667
1,452,7,85.34,37.65,16.6666666666667
1,438,5,85.28,37.48,16.6666666666667
1,433,5,85.36,37.14,16.6666666666667
1,438,5,85.36,37.18,16.6666666666667
1,438,5,85.36,37.91,16.6666666666667
1,441,6,85.39,38.3,16.6666666666667
1,441,6,85.45,38.96,16.6666666666667
1,452,7,85.48,40.2,16.6666666666667
1,455,8,85.5,41.4,16.6666666666667
1,455,8,85.59,40.45,16.6666666666667
1,452,7,85.56,39.47,16.6666666666667
1,464,9,85.59,38.35,16.6666666666667
1,477,11,85.59,38.53,16.6666666666667
1,477,11,85.59,37.86,16.6666666666667
1,460,9,85.7,38.07,16.6666666666667
1,432,4,85.67,37.99,16.6666666666667
1,432,4,85.67,37.35,16.6666666666667
1,434,5,85.76,37.04,16.6666666666667
1,423,3,85.67,36.92,16.6666666666667
1,423,3,85.73,36.84,16.6666666666667
1,432,4,85.67,36.8,16.6666666666667
1,432,4,85.79,36.88,16.6666666666667
1,434,5,85.84,36.97,16.6666666666667
1,444,6,85.81,36.87,16.6666666666667
1,444,6,85.84,36.77,16.6666666666667
1,439,5,85.84,36.64,16.6666666666667
1,434,5,85.9,36.48,16.6666666666667
1,434,5,85.76,36.4,16.6666666666667
1,423,3,85.87,36.77,16.6666666666667
1,432,4,86.01,37.1,16.6666666666667
1,434,5,85.98,38.09,16.6666666666667
1,434,5,85.96,37.87,16.6666666666667
1,439,5,85.96,38.31,16.6666666666667
1,448,7,86.04,37.93,16.6666666666667
1,434,5,86.01,37.97,16.6666666666667
1,439,5,86.1,38.24,16.6666666666667
1,444,6,86.1,38.62,16.6666666666667
1,439,5,86.1,37.61,16.6666666666667
1,444,6,86.1,36.82,16.6666666666667
1,444,6,86.18,36.76,16.6666666666667
1,439,5,86.15,36.76,16.6666666666667
1,432,4,86.21,37.35,16.6666666666667
1,439,5,86.1,37,16.6666666666667
1,439,5,86.15,37.13,16.6666666666667
1,432,4,86.21,37.2,16.6666666666667
1,434,5,86.21,36.58,16.6666666666667
1,434,5,86.26,36.38,16.6666666666667
1,434,5,86.35,36.86,16.6666666666667
1,439,5,86.38,37.2,16.6666666666667
1,434,5,86.32,37.83,16.6666666666667
2,444,6,86.4,38.55,33.3333333333333
2,444,6,86.4,38.7,33.3333333333333
2,444,6,86.32,37.38,33.3333333333333
2,439,5,86.21,36.6,33.3333333333333
2,439,5,86.32,36.32,33.3333333333333
2,439,5,86.26,36.68,33.3333333333333
2,444,6,86.26,36.63,33.3333333333333
2,444,6,86.24,37.21,33.3333333333333
2,444,6,86.15,38.06,33.3333333333333
2,459,8,86.18,38.72,33.3333333333333
2,470,10,86.12,38.58,33.3333333333333
2,462,9,86.21,38.28,33.3333333333333
2,459,8,86.1,38.26,33.3333333333333
2,462,9,86.04,38.39,33.3333333333333
2,459,8,86.1,38.04,33.3333333333333
2,459,8,86.01,37.56,33.3333333333333
2,448,7,85.98,37.16,33.3333333333333
2,448,7,86.1,36.98,33.3333333333333
2,444,6,86.04,36.73,33.3333333333333
2,444,6,85.9,36.54,33.3333333333333
2,444,6,85.93,36.57,33.3333333333333
2,439,5,85.98,36.79,33.3333333333333
2,444,6,85.96,36.67,33.3333333333333
2,448,7,85.96,36.38,33.3333333333333
2,444,6,85.84,36.38,33.3333333333333
2,416,2,85.9,36.63,33.3333333333333
2,411,1,85.9,37.01,33.3333333333333
2,411,1,85.79,38.02,33.3333333333333
2,416,2,85.73,38.78,33.3333333333333
2,421,3,85.81,38.7,33.3333333333333
2,416,2,85.73,37.77,33.3333333333333
2,411,1,85.67,36.96,33.3333333333333
2,409,1,85.65,37.2,33.3333333333333
2,411,1,85.56,37.6,33.3333333333333
2,411,1,85.65,37.84,33.3333333333333
2,411,1,85.59,37.62,33.3333333333333
2,409,1,85.53,37.62,33.3333333333333
2,409,1,85.5,37.15,33.3333333333333
2,411,1,85.5,36.91,33.3333333333333
2,411,1,85.5,36.81,33.3333333333333
2,411,1,85.45,37.01,33.3333333333333
2,411,1,85.39,37.84,33.3333333333333
2,409,1,85.42,38.5,33.3333333333333
2,409,1,85.36,38.72,33.3333333333333
2,409,1,85.36,38.48,33.3333333333333
2,409,1,85.31,38.53,33.3333333333333
2,411,1,85.31,38.63,33.3333333333333
2,411,1,85.36,38.31,33.3333333333333
2,409,1,85.34,37.58,33.3333333333333
2,409,1,85.22,37.26,33.3333333333333
2,409,1,85.17,37.66,33.3333333333333
2,411,1,85.22,37.78,33.3333333333333
2,411,1,85.22,37.72,33.3333333333333
2,416,2,85.22,38.24,33.3333333333333
2,421,3,85.2,38.61,33.3333333333333
2,421,3,85.22,39.33,33.3333333333333
2,416,2,85.17,39.65,33.3333333333333
2,421,3,85.17,39.45,33.3333333333333
2,432,4,85.03,39.08,33.3333333333333
2,425,3,85.06,38.54,33.3333333333333
2,416,2,84.97,38.41,33.3333333333333
2,425,3,85,37.77,33.3333333333333
2,432,4,85,37.55,33.3333333333333
2,446,7,84.94,37.8,33.3333333333333
2,446,7,84.97,37.87,33.3333333333333
2,441,6,84.97,38.01,33.3333333333333
2,436,5,84.94,38.03,33.3333333333333
2,436,5,84.91,38.05,33.3333333333333
2,441,6,84.94,38.41,33.3333333333333
2,436,5,84.91,38.41,33.3333333333333
2,432,4,84.94,38.04,33.3333333333333
2,425,3,84.91,38.02,33.3333333333333
2,421,3,84.91,37.68,33.3333333333333
2,421,3,84.91,37.36,33.3333333333333
2,416,2,84.91,37.18,33.3333333333333
2,416,2,84.83,37.09,33.3333333333333
2,425,3,84.8,37.26,33.3333333333333
2,425,3,84.86,37.48,33.3333333333333
2,432,4,84.83,37.29,33.3333333333333
2,432,4,84.89,37.38,33.3333333333333
2,436,5,84.89,37.54,33.3333333333333
2,425,3,84.86,37.52,33.3333333333333
2,416,2,84.83,37.34,33.3333333333333
2,411,1,84.77,37.25,33.3333333333333
2,400,0,84.75,37.13,33.3333333333333
2,414,2,84.75,37.47,33.3333333333333
2,418,2,84.77,38.28,33.3333333333333
2,418,2,84.8,38.74,33.3333333333333
2,414,2,84.8,38.5,33.3333333333333
2,414,2,84.75,38.04,33.3333333333333
2,414,2,84.77,37.8,33.3333333333333
2,427,4,84.69,37.61,33.3333333333333
2,438,5,84.69,37.47,33.3333333333333
2,443,6,84.66,37.51,33.3333333333333
2,427,4,84.66,37.71,33.3333333333333
2,422,3,84.66,37.69,33.3333333333333
2,427,4,84.69,37.75,33.3333333333333
2,438,5,84.63,37.83,33.3333333333333
2,454,8,84.66,38.5,33.3333333333333
2,476,11,84.66,38.36,33.3333333333333
2,488,13,84.66,38.13,33.3333333333333
2,508,16,84.66,38.5,33.3333333333333
2,540,21,84.61,39.27,33.3333333333333
2,578,27,84.58,39.31,33.3333333333333
2,607,31,84.61,39.01,33.3333333333333
2,586,28,84.55,39.38,33.3333333333333
2,552,23,84.58,39.03,33.3333333333333
2,500,15,84.61,38.49,33.3333333333333
2,476,11,84.55,38.11,33.3333333333333
2,459,8,84.55,37.8,33.3333333333333
2,443,6,84.58,37.74,33.3333333333333
2,434,5,84.55,37.82,33.3333333333333
2,422,3,84.52,37.74,33.3333333333333
2,418,2,84.55,37.68,33.3333333333333
2,409,1,84.49,38,33.3333333333333
2,405,0,84.49,38.61,33.3333333333333
2,400,0,84.55,38.87,33.3333333333333
2,400,0,84.49,38.43,33.3333333333333
2,405,0,84.49,38.32,33.3333333333333
2,409,1,84.46,38.16,33.3333333333333
2,405,0,84.44,38.34,33.3333333333333
2,405,0,84.49,38.51,33.3333333333333
2,414,2,84.49,38.51,33.3333333333333
2,414,2,84.49,39.06,33.3333333333333
2,422,3,84.49,39.96,33.3333333333333
2,422,3,84.52,40.96,33.3333333333333
2,427,4,84.49,40.09,33.3333333333333
2,434,5,84.49,39.57,33.3333333333333
2,438,5,84.46,39.17,33.3333333333333
2,434,5,84.41,38.93,33.3333333333333
2,434,5,84.38,38.78,33.3333333333333
2,434,5,84.41,38.66,33.3333333333333
2,422,3,84.38,38.56,33.3333333333333
2,418,2,84.32,38.42,33.3333333333333
2,418,2,84.38,38.4,33.3333333333333
2,427,4,84.38,38.48,33.3333333333333
2,434,5,84.38,38.54,33.3333333333333
2,438,5,84.35,38.64,33.3333333333333
2,448,7,84.3,38.98,33.3333333333333
2,462,9,84.32,39.38,33.3333333333333
2,481,12,84.32,39.51,33.3333333333333
2,488,13,84.3,39.64,33.3333333333333
2,476,11,84.3,39.82,33.3333333333333
2,439,5,84.24,39.87,33.3333333333333
2,439,5,84.3,39.7,33.3333333333333
2,434,5,84.27,39.49,33.3333333333333
2,427,4,84.27,39.38,33.3333333333333
2,434,5,84.32,39.22,33.3333333333333
2,434,5,84.3,38.98,33.3333333333333
2,427,4,84.24,38.79,33.3333333333333
2,427,4,84.3,38.79,33.3333333333333
2,422,3,84.3,38.62,33.3333333333333
2,422,3,84.3,38.39,33.3333333333333
2,422,3,84.24,38.23,33.3333333333333
2,417,2,84.3,38.21,33.3333333333333
2,422,3,84.24,38.23,33.3333333333333
2,422,3,84.32,38.11,33.3333333333333
2,422,3,84.3,37.93,33.3333333333333
2,417,2,84.24,37.79,33.3333333333333
2,414,2,84.27,37.67,33.3333333333333
2,409,1,84.24,37.56,33.3333333333333
2,403,0,84.24,37.5,33.3333333333333
2,403,0,84.27,37.55,33.3333333333333
2,403,0,84.32,37.53,33.3333333333333
2,414,2,84.3,37.75,33.3333333333333
2,417,2,84.3,38.09,33.3333333333333
2,414,2,84.27,38.31,33.3333333333333
2,414,2,84.21,38.45,33.3333333333333
2,422,3,84.24,38.53,33.3333333333333
2,434,5,84.24,38.87,33.3333333333333
2,439,5,84.21,38.89,33.3333333333333
2,434,5,84.21,38.83,33.3333333333333
2,434,5,84.18,38.69,33.3333333333333
2,434,5,84.21,38.67,33.3333333333333
2,434,5,84.18,38.71,33.3333333333333
2,439,5,84.13,38.69,33.3333333333333
2,434,5,84.18,38.45,33.3333333333333
2,443,6,84.18,38.25,33.3333333333333
2,434,5,84.24,38.27,33.3333333333333
2,443,6,84.24,38.23,33.3333333333333
3,448,7,84.18,38.23,50
3,454,8,84.24,38.21,50
3,443,6,84.24,38.29,50
3,443,6,84.3,38.49,50
3,439,5,84.18,38.65,50
3,434,5,84.15,38.55,50
3,434,5,84.18,38.51,50
3,427,4,84.18,38.51,50
3,422,3,84.21,38.41,50
3,422,3,84.13,38.59,50
3,422,3,84.18,38.55,50
3,422,3,84.13,38.3,50
3,417,2,84.13,38.14,50
3,422,3,84.13,38.52,50
3,439,5,84.1,39.13,50
3,448,7,84.01,39,50
3,439,5,83.99,38.48,50
3,422,3,84.01,38.32,50
3,417,2,84.01,38.34,50
3,422,3,84.04,38.6,50
3,422,3,84.07,38.62,50
3,414,2,83.99,38.5,50
3,400,0,84.01,38.28,50
3,405,0,84.07,38.3,50
3,405,0,84.04,38.28,50
3,405,0,84.07,38.28,50
3,433,5,84.01,38.44,50
3,427,4,83.99,38.28,50
3,439,5,83.93,38.57,50
3,439,5,83.99,38.72,50
3,439,5,83.93,38.83,50
3,433,5,83.96,38.98,50
3,427,4,83.99,38.86,50
3,427,4,83.99,38.56,50
3,427,4,83.93,38.37,50
3,418,2,83.99,38.18,50
3,413,1,83.99,38.12,50
3,427,4,83.99,38.05,50
3,448,7,83.99,38.12,50
3,448,7,84.01,38.3,50
3,439,5,83.99,38.24,50
3,427,4,83.99,38.24,50
3,418,2,83.99,38.19,50
3,418,2,83.99,38.18,50
3,408,1,83.96,38.09,50
3,408,1,83.9,38.19,50
3,405,0,83.96,38.17,50
3,408,1,83.96,38.13,50
3,427,4,83.93,38.46,50
3,433,5,83.96,38.75,50
3,433,5,83.9,38.83,50
3,427,4,83.9,38.99,50
3,408,1,83.87,38.53,50
3,408,1,83.87,38.55,50
3,408,1,83.93,39.02,50
3,413,1,83.9,39.44,50
3,418,2,83.93,39.83,50
3,418,2,83.93,39.54,50
3,423,3,83.9,39.25,50
3,448,7,83.99,39.13,50
3,465,9,83.96,39.24,50
3,465,9,83.93,39.6,50
3,448,7,83.93,39.42,50
3,433,5,83.87,39.25,50
3,427,4,83.9,38.83,50
3,423,3,83.93,38.63,50
3,439,5,83.87,38.71,50
3,433,5,83.76,38.63,50
3,439,5,83.87,38.63,50
3,444,6,83.82,38.71,50
3,444,6,83.82,38.87,50
3,444,6,83.82,38.67,50
3,444,6,83.87,38.59,50
3,448,7,83.93,38.57,50
3,448,7,83.9,38.71,50
3,454,8,83.9,39.01,50
3,456,8,83.9,39.17,50
3,444,6,83.93,39.37,50
3,448,7,83.93,39.91,50
3,444,6,83.9,39.88,50
3,448,7,83.96,39.28,50
3,448,7,83.93,38.96,50
3,438,5,83.87,39.15,50
3,438,5,83.87,39.12,50
3,438,5,83.9,39,50
3,438,5,83.87,39.04,50
3,438,5,83.96,39.16,50
3,447,7,83.93,39.47,50
3,455,8,83.99,39.68,50
3,462,9,83.96,39.55,50
3,455,8,83.9,39.21,50
3,451,7,83.9,38.91,50
3,443,6,83.9,39.03,50
3,447,7,83.93,38.94,50
3,443,6,83.96,38.92,50
3,455,8,83.93,38.83,50
3,451,7,83.93,38.8,50
3,451,7,83.96,38.71,50
3,443,6,83.93,38.92,50
3,451,7,83.96,39.12,50
3,455,8,83.99,39.1,50
3,451,7,84.04,39.08,50
3,447,7,83.96,38.96,50
3,451,7,83.99,38.8,50
3,451,7,84.04,38.7,50
3,451,7,84.04,38.58,50
3,455,8,83.96,38.56,50
3,486,13,83.99,38.9,50
3,486,13,84.04,39.52,50
3,475,11,84.01,39.26,50
3,624,34,83.9,40.59,50
3,524,18,83.99,39.98,50
3,518,17,83.9,40,50
3,497,14,84.04,39.8,50
3,481,12,84.04,39.88,50
3,475,11,84.04,39.72,50
3,475,11,84.01,39.5,50
3,466,10,84.04,39.3,50
3,451,7,84.04,38.84,50
3,447,7,84.04,38.66,50
3,438,5,84.07,38.66,50
3,435,5,84.01,38.48,50
3,435,5,84.04,38.36,50
3,443,6,84.04,38.44,50
3,455,8,83.99,38.78,50
3,462,9,84.04,38.82,50
3,466,10,84.13,38.8,50
3,481,12,84.07,39,50
3,466,10,84.04,38.86,50
3,462,9,84.07,38.62,50
3,451,7,84.1,38.51,50
3,451,7,84.1,38.42,50
3,443,6,84.04,38.26,50
3,438,5,84.1,38.28,50
3,443,6,84.07,38.42,50
3,443,6,84.13,38.37,50
3,447,7,84.15,38.91,50
3,447,7,84.15,38.97,50
3,455,8,84.13,39.03,50
3,481,12,84.18,38.87,50
3,466,10,84.18,38.63,50
3,428,4,84.13,38.54,50
3,425,3,84.15,38.43,50
3,434,5,84.13,38.41,50
3,434,5,84.15,38.45,50
3,434,5,84.15,38.65,50
3,428,4,84.21,38.55,50
3,425,3,84.18,38.47,50
3,421,3,84.1,38.45,50
3,421,3,84.13,38.33,50
3,416,2,84.13,38.28,50
3,416,2,84.18,38.29,50
3,416,2,84.15,38.37,50
3,414,2,84.18,38.35,50
3,416,2,84.18,38.47,50
3,416,2,84.24,38.87,50
3,421,3,84.24,39.09,50
3,428,4,84.21,39.13,50
3,421,3,84.24,39.33,50
3,421,3,84.21,39.12,50
3,425,3,84.18,39.67,50
3,425,3,84.24,40.43,50
3,446,7,84.27,40.09,50
3,446,7,84.3,39.78,50
3,442,6,84.27,39.36,50
3,434,5,84.3,38.84,50
3,428,4,84.38,38.58,50
3,425,3,84.41,38.38,50
3,428,4,84.38,38.36,50
3,428,4,84.41,38.36,50
3,428,4,84.52,40.03,50
3,446,7,84.55,41.61,50
3,466,10,84.58,40.74,50
3,475,11,84.61,40.41,50
3,475,11,84.69,41.74,50
3,462,9,84.75,42.61,50
3,457,8,84.75,42.08,50
3,451,7,84.75,40.5,50
3,457,8,84.8,39.46,50
3,442,6,84.8,38.82,50
4,442,6,84.89,39.05,66.6666666666667
4,446,7,84.91,38.73,66.6666666666667
4,451,7,85.06,39.9,66.6666666666667
4,457,8,85,40.59,66.6666666666667
4,442,6,85.03,40.85,66.6666666666667
4,442,6,85.03,40.29,66.6666666666667
4,446,7,85.11,39.8,66.6666666666667
4,442,6,85.2,39.99,66.6666666666667
4,434,5,85.17,39.95,66.6666666666667
4,428,4,85.22,39.59,66.6666666666667
4,442,6,85.22,39.19,66.6666666666667
4,446,7,85.31,39.87,66.6666666666667
4,462,9,85.31,39.33,66.6666666666667
4,466,10,85.36,39.68,66.6666666666667
4,462,9,85.48,39.94,66.6666666666667
4,451,7,85.42,40.14,66.6666666666667
4,462,9,85.48,39.59,66.6666666666667
4,457,8,85.5,39.72,66.6666666666667
4,457,8,85.65,40.39,66.6666666666667
4,466,10,85.67,41.91,66.6666666666667
4,448,7,85.65,41.89,66.6666666666667
4,459,8,85.62,40.63,66.6666666666667
4,448,7,85.62,39.17,66.6666666666667
4,448,7,85.73,39.98,66.6666666666667
4,444,6,85.73,38.84,66.6666666666667
4,434,5,85.73,38.03,66.6666666666667
4,426,3,85.79,37.93,66.6666666666667
4,434,5,85.81,38.44,66.6666666666667
4,439,5,85.81,38.5,66.6666666666667
4,444,6,85.87,38.36,66.6666666666667
4,448,7,85.9,38.73,66.6666666666667
4,439,5,85.9,39.95,66.6666666666667
4,434,5,85.93,39.73,66.6666666666667
4,444,6,85.84,38.7,66.6666666666667
4,434,5,85.9,37.82,66.6666666666667
4,444,6,85.81,37.23,66.6666666666667
4,434,5,85.84,37.01,66.6666666666667
4,434,5,85.84,36.89,66.6666666666667
4,434,5,85.81,37.21,66.6666666666667
4,439,5,85.87,37.56,66.6666666666667
4,448,7,86.01,38.22,66.6666666666667
4,448,7,86.01,38.29,66.6666666666667
4,448,7,85.93,38.29,66.6666666666667
4,448,7,85.96,38.49,66.6666666666667
4,463,9,85.96,38.77,66.6666666666667
4,470,10,85.98,38.43,66.6666666666667
4,487,13,85.9,38.51,66.6666666666667
4,487,13,85.93,37.94,66.6666666666667
4,482,12,85.9,37.46,66.6666666666667
4,463,9,85.84,37.41,66.6666666666667
4,459,8,86.01,37.18,66.6666666666667
4,455,8,85.96,37.26,66.6666666666667
4,470,10,85.96,37.5,66.6666666666667
4,482,12,85.96,37.5,66.6666666666667
4,477,11,86.01,37.24,66.6666666666667
4,463,9,85.96,37.3,66.6666666666667
4,459,8,86.01,37.46,66.6666666666667
4,448,7,85.98,37.16,66.6666666666667
4,448,7,85.96,36.85,66.6666666666667
4,439,5,85.96,37.42,66.6666666666667
4,444,6,86.01,37.73,66.6666666666667
4,444,6,85.98,37.28,66.6666666666667
4,444,6,85.9,36.91,66.6666666666667
4,434,5,85.96,37.09,66.6666666666667
4,439,5,85.87,37.33,66.6666666666667
4,444,6,85.96,37.28,66.6666666666667
4,444,6,85.96,37.32,66.6666666666667
4,444,6,85.96,37.36,66.6666666666667
4,448,7,85.93,37.54,66.6666666666667
4,459,8,85.9,37.52,66.6666666666667
4,459,8,85.9,37.62,66.6666666666667
4,463,9,86.01,37.71,66.6666666666667
4,470,10,85.96,37.78,66.6666666666667
4,459,8,85.96,37.99,66.6666666666667
4,459,8,85.96,38.15,66.6666666666667
4,455,8,86.04,38.15,66.6666666666667
4,455,8,85.96,39.33,66.6666666666667
4,463,9,86.04,39.6,66.6666666666667
4,477,11,86.1,39.56,66.6666666666667
4,482,12,86.1,39.17,66.6666666666667
4,464,9,86.12,39.26,66.6666666666667
4,464,9,86.07,38.39,66.6666666666667
4,464,9,86.1,37.63,66.6666666666667
4,455,8,86.04,37.24,66.6666666666667
4,448,7,86.04,37.01,66.6666666666667
4,448,7,86.15,36.94,66.6666666666667
4,439,5,86.12,37.29,66.6666666666667
4,439,5,86.26,38.47,66.6666666666667
4,439,5,86.26,41.46,66.6666666666667
4,435,5,86.26,40.31,66.6666666666667
4,444,6,86.21,40.43,66.6666666666667
4,444,6,86.35,38.89,66.6666666666667
4,444,6,86.38,39.52,66.6666666666667
4,448,7,86.46,40.87,66.6666666666667
4,448,7,86.46,39.7,66.6666666666667
4,444,6,86.52,39.18,66.6666666666667
4,444,6,86.57,39.59,66.6666666666667
4,455,8,86.66,39.67,66.6666666666667
4,455,8,86.69,38.73,66.6666666666667
4,460,9,86.71,39.2,66.6666666666667
4,485,12,86.66,39.47,66.6666666666667
4,485,12,86.83,39.22,66.6666666666667
4,497,14,86.88,39.5,66.6666666666667
4,491,13,86.88,39.77,66.6666666666667
4,491,13,86.91,40.54,66.6666666666667
4,491,13,87,41.28,66.6666666666667
4,480,12,87,40.53,66.6666666666667
4,485,12,87.05,40.31,66.6666666666667
4,472,10,87.11,42.55,66.6666666666667
4,464,9,87.14,41.58,66.6666666666667
4,464,9,87.14,39.42,66.6666666666667
4,448,7,87.11,38.25,66.6666666666667
4,448,7,87.14,38.52,66.6666666666667
4,448,7,87.16,38.98,66.6666666666667
4,448,7,87.22,38.76,66.6666666666667
4,460,9,87.22,39.85,66.6666666666667
4,460,9,87.25,38.58,66.6666666666667
4,472,10,87.31,37.92,66.6666666666667
4,480,12,87.36,38.35,66.6666666666667
4,485,12,87.36,37.95,66.6666666666667
4,485,12,87.36,37.32,66.6666666666667
4,472,10,87.39,36.94,66.6666666666667
4,480,12,87.45,36.84,66.6666666666667
4,472,10,87.31,36.52,66.6666666666667
4,464,9,87.42,36.53,66.6666666666667
4,464,9,87.39,36.67,66.6666666666667
4,460,9,87.36,36.45,66.6666666666667
4,472,10,87.39,36.24,66.6666666666667
4,460,9,87.42,36.29,66.6666666666667
4,472,10,87.39,36.71,66.6666666666667
4,472,10,87.45,37.53,66.6666666666667
4,480,12,87.42,37.54,66.6666666666667
4,491,13,87.39,37.38,66.6666666666667
4,497,14,87.42,37.18,66.6666666666667
4,502,15,87.42,37.79,66.6666666666667
4,518,17,87.47,37.93,66.6666666666667
4,508,16,87.42,37.48,66.6666666666667
4,497,14,87.42,36.83,66.6666666666667
4,480,12,87.42,36.41,66.6666666666667
4,457,8,87.36,36.08,66.6666666666667
4,450,7,87.42,35.9,66.6666666666667
4,450,7,87.42,35.69,66.6666666666667
4,441,6,87.42,35.53,66.6666666666667
4,441,6,87.42,35.63,66.6666666666667
4,445,6,87.36,35.9,66.6666666666667
4,462,9,87.39,35.92,66.6666666666667
4,457,8,87.36,35.79,66.6666666666667
4,450,7,87.42,35.69,66.6666666666667
4,441,6,87.36,35.61,66.6666666666667
4,441,6,87.42,35.79,66.6666666666667
4,441,6,87.33,35.79,66.6666666666667
4,435,5,87.33,35.67,66.6666666666667
4,445,6,87.39,35.79,66.6666666666667
4,476,11,87.39,36.18,66.6666666666667
4,481,12,87.36,36.22,66.6666666666667
4,476,11,87.33,36.37,66.6666666666667
4,476,11,87.36,36.73,66.6666666666667
4,466,10,87.45,36.82,66.6666666666667
4,462,9,87.53,37.21,66.6666666666667
4,450,7,87.53,37.75,66.6666666666667
4,445,6,87.67,37.48,66.6666666666667
4,445,6,87.7,37.36,66.6666666666667
4,445,6,87.67,37.23,66.6666666666667
4,441,6,87.78,37.2,66.6666666666667
4,445,6,87.84,38.36,66.6666666666667
4,450,7,87.92,39.26,66.6666666666667
4,450,7,87.78,37.83,66.6666666666667
4,810,62,87.75,38.81,66.6666666666667
4,706,46,87.84,37.61,66.6666666666667
4,567,25,87.92,37.19,66.6666666666667
4,529,19,88.01,37.17,66.6666666666667
4,498,14,88.12,37.6,66.6666666666667
4,481,12,88.12,37.73,66.6666666666667
4,476,11,88.23,37.46,66.6666666666667
4,466,10,88.23,37.95,66.6666666666667
4,476,11,88.18,37.75,66.6666666666667
4,466,10,88.23,37.87,66.6666666666667
4,457,8,88.26,38,66.6666666666667
4,445,6,88.29,36.76,66.6666666666667
4,441,6,88.32,36.15,66.6666666666667
5,435,5,88.32,35.72,83.3333333333333
5,427,4,88.35,35.87,83.3333333333333
5,435,5,88.4,36.1,83.3333333333333
5,462,9,88.43,36.87,83.3333333333333
5,450,7,88.4,37.05,83.3333333333333
5,441,6,88.37,36.17,83.3333333333333
5,441,6,88.35,35.87,83.3333333333333
5,441,6,88.43,35.61,83.3333333333333
5,450,7,88.32,35.36,83.3333333333333
5,457,8,88.43,35.65,83.3333333333333
5,457,8,88.46,35.85,83.3333333333333
5,462,9,88.46,36.16,83.3333333333333
5,450,7,88.49,36.71,83.3333333333333
5,450,7,88.49,36.53,83.3333333333333
5,445,6,88.46,36.3,83.3333333333333
5,450,7,88.54,36.74,83.3333333333333
5,450,7,88.63,37.1,83.3333333333333
5,441,6,88.6,36.92,83.3333333333333
5,420,3,88.65,36.74,83.3333333333333
5,424,3,88.63,37.23,83.3333333333333
5,428,4,88.63,37.41,83.3333333333333
5,438,5,88.65,37.27,83.3333333333333
5,438,5,88.65,37.39,83.3333333333333
5,428,4,88.63,36.41,83.3333333333333
5,428,4,88.71,36.26,83.3333333333333
5,428,4,88.74,36.42,83.3333333333333
5,424,3,88.82,37.13,83.3333333333333
5,438,5,88.77,38.61,83.3333333333333
5,438,5,88.74,37.88,83.3333333333333
5,438,5,88.71,36.54,83.3333333333333
5,447,7,88.8,36.65,83.3333333333333
5,459,8,88.8,37.1,83.3333333333333
5,470,10,88.88,37.04,83.3333333333333
5,470,10,88.91,36.98,83.3333333333333
5,470,10,88.91,37.08,83.3333333333333
5,477,11,88.88,36.37,83.3333333333333
5,477,11,88.94,36.39,83.3333333333333
5,482,12,88.96,37.31,83.3333333333333
5,477,11,89.05,37.98,83.3333333333333
5,470,10,89.02,38.12,83.3333333333333
5,463,9,89.05,38.24,83.3333333333333
5,470,10,89.02,38.66,83.3333333333333
5,470,10,89.08,38.95,83.3333333333333
5,463,9,89.13,37.88,83.3333333333333
5,470,10,89.13,37.76,83.3333333333333
5,463,9,89.13,38,83.3333333333333
5,470,10,89.13,37.97,83.3333333333333
5,459,8,89.19,37.28,83.3333333333333
5,463,9,89.08,36.62,83.3333333333333
5,477,11,89.13,36.25,83.3333333333333
5,482,12,89.13,36.77,83.3333333333333
5,506,16,89.19,37.5,83.3333333333333
5,517,17,89.13,37.28,83.3333333333333
5,506,16,89.13,36.99,83.3333333333333
5,487,13,89.13,36.77,83.3333333333333
5,482,12,89.19,37.26,83.3333333333333
5,487,13,89.19,37.03,83.3333333333333
5,487,13,89.22,37.22,83.3333333333333
5,487,13,89.22,37.77,83.3333333333333
5,487,13,89.22,38.11,83.3333333333333
5,487,13,89.22,38.05,83.3333333333333
5,487,13,89.22,37.26,83.3333333333333
5,482,12,89.22,37.14,83.3333333333333
5,493,14,89.27,37.4,83.3333333333333
5,524,18,89.25,36.41,83.3333333333333
5,524,18,89.19,36.22,83.3333333333333
5,506,16,89.19,36.2,83.3333333333333
5,493,14,89.25,35.89,83.3333333333333
5,493,14,89.25,35.69,83.3333333333333
5,482,12,89.19,35.63,83.3333333333333
5,482,12,89.22,35.47,83.3333333333333
5,477,11,89.27,35.51,83.3333333333333
5,477,11,89.25,35.61,83.3333333333333
5,487,13,89.25,35.84,83.3333333333333
5,487,13,89.22,35.69,83.3333333333333
5,493,14,89.25,35.57,83.3333333333333
5,493,14,89.19,35.24,83.3333333333333
5,493,14,89.27,35.08,83.3333333333333
5,460,9,89.19,35.2,83.3333333333333
5,460,9,89.25,35.2,83.3333333333333
5,455,8,89.19,34.95,83.3333333333333
5,448,7,89.11,34.74,83.3333333333333
5,448,7,89.08,34.64,83.3333333333333
5,448,7,89.11,34.6,83.3333333333333
5,455,8,89.11,34.74,83.3333333333333
5,455,8,89.11,34.8,83.3333333333333
5,455,8,89.11,34.76,83.3333333333333
5,455,8,89.13,34.87,83.3333333333333
5,448,7,89.08,34.95,83.3333333333333
5,448,7,89.02,34.86,83.3333333333333
5,455,8,89.02,34.76,83.3333333333333
5,444,6,88.96,34.73,83.3333333333333
5,444,6,88.96,34.65,83.3333333333333
5,444,6,88.94,34.75,83.3333333333333
5,448,7,88.88,34.87,83.3333333333333
5,448,7,88.91,35.61,83.3333333333333
5,448,7,88.96,35.45,83.3333333333333
5,444,6,88.91,35.35,83.3333333333333
5,448,7,88.88,35.21,83.3333333333333
5,455,8,88.82,35.14,83.3333333333333
5,455,8,88.88,35.61,83.3333333333333
5,455,8,88.82,35.18,83.3333333333333
5,448,7,88.8,35.63,83.3333333333333
5,455,8,88.88,36.55,83.3333333333333
5,455,8,88.94,37.04,83.3333333333333
5,455,8,88.85,36.71,83.3333333333333
5,455,8,88.82,35.88,83.3333333333333
5,455,8,88.88,35.65,83.3333333333333
5,460,9,88.91,36.08,83.3333333333333
5,464,9,88.82,36.28,83.3333333333333
5,460,9,88.82,35.85,83.3333333333333
5,460,9,88.88,35.51,83.3333333333333
5,460,9,88.91,35.61,83.3333333333333
5,460,9,88.94,35.67,83.3333333333333
5,455,8,88.91,35.82,83.3333333333333
5,455,8,89.02,35.99,83.3333333333333
5,460,9,89.13,37.09,83.3333333333333
5,472,10,89.22,38.77,83.3333333333333
5,480,12,89.25,38.71,83.3333333333333
5,472,10,89.25,38.37,83.3333333333333
5,480,12,89.3,37.1,83.3333333333333
5,472,10,89.36,36.57,83.3333333333333
5,464,9,89.36,36.09,83.3333333333333
5,491,13,89.41,35.97,83.3333333333333
5,518,17,89.44,36.17,83.3333333333333
5,502,15,89.53,36.07,83.3333333333333
5,491,13,89.58,35.89,83.3333333333333
5,502,15,89.58,36.59,83.3333333333333
5,518,17,89.64,36.82,83.3333333333333
5,518,17,89.67,37.27,83.3333333333333
5,518,17,89.72,36.98,83.3333333333333
5,508,16,89.72,36.82,83.3333333333333
5,502,15,89.72,36.68,83.3333333333333
5,491,13,89.84,36.56,83.3333333333333
5,480,12,89.89,36.4,83.3333333333333
5,480,12,89.84,36.01,83.3333333333333
5,491,13,89.86,35.81,83.3333333333333
5,476,11,89.95,36.65,83.3333333333333
5,466,10,89.98,36.83,83.3333333333333
5,466,10,89.95,38.01,83.3333333333333
5,466,10,89.95,37.93,83.3333333333333
5,481,12,89.98,36.96,83.3333333333333
5,466,10,89.98,36.88,83.3333333333333
5,450,7,90.06,36,83.3333333333333
5,445,6,90.09,35.76,83.3333333333333
5,445,6,90.03,35.12,83.3333333333333
5,445,6,90.15,35.15,83.3333333333333
5,445,6,90.12,35.21,83.3333333333333
5,450,7,90.2,35.29,83.3333333333333
5,457,8,90.23,35.54,83.3333333333333
5,457,8,90.17,35.42,83.3333333333333
5,457,8,90.15,35.89,83.3333333333333
5,462,9,90.17,36.42,83.3333333333333
5,486,13,90.2,36.89,83.3333333333333
5,530,19,90.2,38.47,83.3333333333333
5,524,18,90.23,38.27,83.3333333333333
5,530,19,90.23,37.62,83.3333333333333
5,537,20,90.17,36.89,83.3333333333333
5,537,20,90.23,38.51,83.3333333333333
5,543,21,90.29,40.45,83.3333333333333
5,537,20,90.29,42.39,83.3333333333333
5,537,20,90.2,41.74,83.3333333333333
5,566,25,90.23,40.13,83.3333333333333
5,560,24,90.17,40.45,83.3333333333333
5,607,31,90.2,39.85,83.3333333333333
5,596,29,90.2,39.29,83.3333333333333
5,581,27,90.23,39.27,83.3333333333333
5,552,23,90.26,39.29,83.3333333333333
5,506,16,90.17,38.1,83.3333333333333
5,506,16,90.26,37.38,83.3333333333333
5,506,16,90.26,37.52,83.3333333333333
5,524,18,90.26,37.94,83.3333333333333
5,530,19,90.26,38.11,83.3333333333333
5,537,20,90.23,38.39,83.3333333333333
5,543,21,90.23,38.89,83.3333333333333
5,552,23,90.29,37.95,83.3333333333333
5,537,20,90.23,38.07,83.3333333333333
5,530,19,90.23,37.28,83.3333333333333
5,530,19,90.29,36.75,83.3333333333333
5,552,23,90.29,38.79,83.3333333333333
6,560,24,90.26,39.23,100
6,560,24,90.23,38.59,100
6,581,27,90.29,38.17,100
6,615,32,90.23,37.91,100
6,631,35,90.29,38.43,100
6,631,35,90.23,39.63,100
6,631,35,90.29,39.66,100
6,615,32,90.26,38.73,100
6,607,31,90.2,37.58,100
6,589,28,90.23,37.36,100
6,581,27,90.23,37.3,100
6,581,27,90.17,37.21,100
6,615,32,90.2,37.38,100
6,615,32,90.31,37.24,100
6,607,31,90.29,36.93,100
6,596,29,90.26,38.76,100
6,569,25,90.31,39.7,100
6,569,25,90.31,40,100
6,555,23,90.29,39.36,100
6,555,23,90.34,39,100
6,540,21,90.26,37.14,100
6,534,20,90.29,36.57,100
6,529,19,90.29,36.51,100
6,519,18,90.29,35.85,100
6,519,18,90.34,36.1,100
6,519,18,90.26,37.26,100
6,529,19,90.29,36.87,100
6,540,21,90.23,38.03,100
6,540,21,90.26,37.07,100
6,540,21,90.29,37.3,100
6,540,21,90.26,37.36,100
6,564,24,90.26,37.75,100
6,580,27,90.31,37.95,100
6,548,22,90.23,36.6,100
6,534,20,90.26,35.81,100
6,534,20,90.2,35.32,100
6,548,22,90.23,35.34,100
6,555,23,90.17,35.38,100
6,588,28,90.17,36.13,100
6,620,33,90.17,36.05,100
6,602,30,90.17,35.93,100
6,602,30,90.17,36.56,100
6,602,30,90.2,36.81,100
6,588,28,90.2,36.71,100
6,580,27,90.17,36.38,100
6,594,29,90.17,36.71,100
6,620,33,90.2,36.71,100
6,665,40,90.17,36.66,100
6,672,41,90.23,37.28,100
6,682,42,90.26,38.17,100
6,665,40,90.2,38.29,100
6,637,36,90.26,37.26,100
6,614,32,90.23,37.94,100
6,588,28,90.23,38.09,100
6,588,28,90.23,37.78,100
6,580,27,90.26,36.5,100
6,564,24,90.2,36.04,100
6,569,25,90.26,36.32,100
6,580,27,90.2,36.97,100
6,588,28,90.2,36.83,100
6,594,29,90.23,36.28,100
6,594,29,90.2,36.4,100
6,580,27,90.26,36.75,100
6,580,27,90.23,36.79,100
6,588,28,90.26,37.3,100
6,569,25,90.26,37.07,100
6,564,24,90.17,37.03,100
6,564,24,90.23,37.04,100
6,555,23,90.29,36.85,100
6,555,23,90.23,36.34,100
6,564,24,90.26,36.36,100
6,569,25,90.29,36.73,100
6,588,28,90.29,36.63,100
6,614,32,90.31,36.81,100
6,627,34,90.34,37.64,100
6,618,33,90.23,37.5,100
6,618,33,90.23,37.52,100
6,626,34,90.23,37.4,100
6,618,33,90.17,36.66,100
6,602,30,90.23,37.01,100
6,612,32,90.17,38.77,100
6,602,30,90.23,38.39,100
6,602,30,90.23,37.94,100
6,612,32,90.23,38.35,100
6,602,30,90.23,37.6,100
6,596,29,90.29,37.95,100
6,589,28,90.29,37.52,100
6,570,25,90.34,36.88,100
6,565,25,90.26,36.4,100
6,570,25,90.29,36.24,100
6,570,25,90.23,36.44,100
6,578,27,90.23,36.46,100
6,596,29,90.29,37.22,100
6,589,28,90.29,36.97,100
6,589,28,90.31,36.67,100
6,589,28,90.34,36.79,100
6,589,28,90.34,37,100
6,589,28,90.34,36.55,100
6,578,27,90.29,35.79,100
6,570,25,90.29,35.48,100
6,565,25,90.29,35.57,100
6,556,23,90.29,35.61,100
6,546,22,90.29,35.83,100
6,540,21,90.34,35.96,100
6,540,21,90.34,37.38,100
6,540,21,90.4,38.22,100
6,570,25,90.34,37.65,100
6,578,27,90.31,36.75,100
6,578,27,90.37,36.12,100
6,565,25,90.31,35.65,100
6,565,25,90.26,36.59,100
6,570,25,90.29,36.77,100
6,570,25,90.31,36.55,100
6,589,28,90.29,37.26,100
6,596,29,90.26,37.52,100
6,602,30,90.26,37.01,100
6,596,29,90.29,37,100
6,596,29,90.26,38.47,100
6,589,28,90.26,37.05,100
6,589,28,90.34,38.42,100
6,596,29,90.37,38.68,100
6,602,30,90.34,37.89,100
6,596,29,90.37,37.53,100
6,589,28,90.37,37.67,100
6,596,29,90.37,37.88,100
6,602,30,90.4,37.55,100
6,612,32,90.37,37.43,100
6,612,32,90.4,37.18,100
6,612,32,90.34,37.87,100
6,612,32,90.4,38.13,100
6,602,30,90.4,38.44,100
6,602,30,90.45,37.69,100
6,602,30,90.45,37.62,100
6,589,28,90.48,38.62,100
6,596,29,90.51,38.61,100
6,586,28,90.48,38.08,100
6,599,30,90.51,36.86,100
6,674,41,90.48,36.6,100
6,714,47,90.51,36.72,100
6,748,53,90.54,36.99,100
6,740,51,90.51,36.91,100
6,740,51,90.54,37.07,100
6,704,46,90.51,37.42,100
6,674,41,90.48,36.68,100
6,653,38,90.48,36.07,100
6,704,46,90.43,36.37,100
6,704,46,90.51,36.38,100
6,697,45,90.48,36.36,100
6,697,45,90.51,36.44,100
6,704,46,90.51,36.7,100
6,674,41,90.57,36.52,100
6,646,37,90.57,36.91,100
6,637,36,90.57,37.05,100
6,637,36,90.6,37.46,100
6,637,36,90.65,38.07,100
6,646,37,90.6,38.88,100
6,618,33,90.54,37.38,100
6,592,29,90.57,35.95,100
6,592,29,90.57,35.79,100
6,599,30,90.6,36.18,100
6,599,30,90.6,36.87,100
6,599,30,90.6,37.64,100
6,592,29,90.57,36.67,100
6,592,29,90.65,37.46,100
6,599,30,90.65,37.77,100
6,599,30,90.65,37.85,100
6,612,32,90.68,37.81,100
6,599,30,90.68,37.85,100
6,565,25,90.6,36.48,100
6,570,25,90.6,35.85,100
6,553,23,90.65,35.12,100
6,534,20,90.6,35.01,100
6,524,18,90.6,34.89,100
6,540,21,90.71,35,100
6,553,23,90.71,35.86,100
6,565,25,90.65,36.36,100
6,553,23,90.68,35.86,100
6,546,22,90.62,35.22,100
6,540,21,90.68,35.03,100
6,534,20,90.71,34.67,100
6,540,21,90.71,34.71,100
6,546,22,90.65,35.2,100
6,546,22,90.68,36.31,100
6,565,25,90.71,37.14,100
6,577,26,90.71,37.97,100
6,586,28,90.65,38.25,100
6,592,29,90.76,38.26,100
6,618,33,90.71,38.6,100
6,637,36,90.71,39.12,100
6,666,40,90.71,39.06,100
6,674,41,90.76,38.3,100
6,714,47,90.76,39.68,100
6,704,46,90.68,38.49,100
6,637,36,90.65,37.38,100
6,572,26,90.65,36.71,100
6,566,25,90.65,36.53,100
6,566,25,90.65,36.24,100
6,560,24,90.62,35.87,100
6,560,24,90.65,38.41,100
6,566,25,90.71,38.47,100
6,584,28,90.68,38.94,100
6,584,28,90.71,39.26,100
6,584,28,90.71,39,100
6,572,26,90.71,38.6,100
6,566,25,90.76,37.59,100
6,560,24,90.76,36.49,100
6,551,23,90.82,36.07,100
6,551,23,90.82,36.19,100
6,551,23,90.88,35.76,100
6,551,23,90.93,36.32,100
6,551,23,90.88,36.6,100
6,539,21,90.71,36.51,100
6,545,22,90.76,36.52,100
6,545,22,90.82,36.21,100
6,551,23,90.79,36.15,100
6,560,24,90.76,35.98,100
6,545,22,90.74,36.49,100
6,545,22,90.76,35.72,100
6,545,22,90.76,35.72,100
6,566,25,90.71,35.88,100
6,584,28,90.71,35.69,100
6,584,28,90.76,35.68,100
6,551,23,90.71,35.24,100
6,551,23,90.71,35.26,100
6,551,23,90.76,35.43,100
6,551,23,90.68,35.38,100
6,560,24,90.76,35.51,100
6,560,24,90.76,35.94,100
6,560,24,90.85,36.96,100
6,560,24,90.82,37.45,100
6,560,24,90.82,37.11,100
6,566,25,90.74,36.82,100
6,560,24,90.82,37.51,100
6,560,24,90.82,36.98,100
6,560,24,90.82,36.74,100
6,566,25,90.82,36.84,100
6,566,25,90.85,36.74,100
6,551,23,90.85,36.13,100
6,551,23,90.9,36.03,100
6,566,25,90.82,36.64,100
5,572,26,90.85,36.99,83.3333333333333
5,560,24,90.88,37.15,83.3333333333333
5,560,24,90.82,36.66,83.3333333333333
5,560,24,90.88,36.91,83.3333333333333
5,566,25,90.9,36.81,83.3333333333333
5,566,25,90.9,36.79,83.3333333333333
5,572,26,90.88,37.68,83.3333333333333
5,618,33,90.88,38.24,83.3333333333333
5,653,38,90.85,39.05,83.3333333333333
5,653,38,90.93,39.11,83.3333333333333
5,643,37,90.93,38.87,83.3333333333333
5,653,38,90.9,39.37,83.3333333333333
5,637,36,90.9,39.67,83.3333333333333
5,600,30,90.93,39.91,83.3333333333333
5,612,32,90.99,40.93,83.3333333333333
5,600,30,90.96,40.53,83.3333333333333
5,584,28,90.93,38.93,83.3333333333333
5,549,22,90.88,38.51,83.3333333333333
5,543,21,90.9,37.92,83.3333333333333
5,537,20,90.88,37.74,83.3333333333333
5,530,19,90.85,36.86,83.3333333333333
5,530,19,90.88,37.92,83.3333333333333
5,530,19,90.9,39.07,83.3333333333333
5,537,20,90.88,38.99,83.3333333333333
5,537,20,90.93,38.81,83.3333333333333
5,549,22,90.93,38.37,83.3333333333333
5,561,24,90.93,38.45,83.3333333333333
5,584,28,90.88,37.78,83.3333333333333
5,575,26,90.88,37.47,83.3333333333333
5,575,26,90.85,37.46,83.3333333333333
5,575,26,90.88,37.35,83.3333333333333
5,584,28,90.88,37.15,83.3333333333333
5,600,30,90.88,37.23,83.3333333333333
5,600,30,90.85,37.53,83.3333333333333
5,594,29,90.88,37.39,83.3333333333333
5,584,28,90.82,36.99,83.3333333333333
5,594,29,90.85,36.66,83.3333333333333
5,600,30,90.79,37.08,83.3333333333333
5,594,29,90.82,38,83.3333333333333
5,612,32,90.82,38.1,83.3333333333333
5,629,34,90.76,37.97,83.3333333333333
5,638,36,90.71,37.46,83.3333333333333
5,638,36,90.68,37.54,83.3333333333333
5,645,37,90.71,37.45,83.3333333333333
5,638,36,90.68,36.88,83.3333333333333
5,618,33,90.71,37.73,83.3333333333333
5,612,32,90.68,37.16,83.3333333333333
5,618,33,90.71,37.49,83.3333333333333
5,612,32,90.71,37.09,83.3333333333333
5,600,30,90.71,36.73,83.3333333333333
5,618,33,90.71,36.63,83.3333333333333
5,618,33,90.65,36.06,83.3333333333333
5,600,30,90.71,36,83.3333333333333
5,600,30,90.6,35.98,83.3333333333333
5,600,30,90.62,35.75,83.3333333333333
5,594,29,90.62,35.87,83.3333333333333
5,584,28,90.6,36.97,83.3333333333333
5,584,28,90.57,36.16,83.3333333333333
5,567,25,90.57,35.79,83.3333333333333
5,561,24,90.57,35.42,83.3333333333333
5,561,24,90.6,36.04,83.3333333333333
5,561,24,90.51,35.7,83.3333333333333
5,561,24,90.62,36.95,83.3333333333333
5,575,26,90.57,36.46,83.3333333333333
5,584,28,90.6,36.11,83.3333333333333
5,575,26,90.54,35.77,83.3333333333333
5,567,25,90.6,36.5,83.3333333333333
5,618,33,90.57,36.73,83.3333333333333
5,660,39,90.54,36.4,83.3333333333333
5,683,43,90.54,36.52,83.3333333333333
5,694,44,90.57,36.61,83.3333333333333
5,708,46,90.6,36.91,83.3333333333333
5,708,46,90.57,37.21,83.3333333333333
5,666,40,90.51,36.93,83.3333333333333
5,577,26,90.51,36.54,83.3333333333333
5,561,24,90.51,36.56,83.3333333333333
5,552,23,90.45,36.56,83.3333333333333
5,588,28,90.45,36.64,83.3333333333333
5,603,30,90.45,36.98,83.3333333333333
5,614,32,90.51,37.07,83.3333333333333
5,629,34,90.48,37.09,83.3333333333333
5,656,39,90.51,37.69,83.3333333333333
5,688,43,90.54,39.21,83.3333333333333
5,688,43,90.45,39.12,83.3333333333333
5,666,40,90.51,38.4,83.3333333333333
5,649,37,90.43,37.73,83.3333333333333
5,666,40,90.51,37.51,83.3333333333333
5,649,37,90.4,36.94,83.3333333333333
5,637,36,90.45,37.37,83.3333333333333
5,656,39,90.45,38.16,83.3333333333333
5,666,40,90.51,38.06,83.3333333333333
5,656,39,90.51,38.22,83.3333333333333
5,656,39,90.54,38.34,83.3333333333333
5,637,36,90.54,37.98,83.3333333333333
5,637,36,90.57,37.72,83.3333333333333
5,629,34,90.6,38.63,83.3333333333333
5,629,34,90.65,40.18,83.3333333333333
5,629,34,90.71,40.3,83.3333333333333
5,614,32,90.76,39.62,83.3333333333333
5,577,26,90.68,39.98,83.3333333333333
5,577,26,90.71,40.16,83.3333333333333
5,570,25,90.71,39.96,83.3333333333333
5,577,26,90.82,39.14,83.3333333333333
5,570,25,90.74,38.4,83.3333333333333
5,570,25,90.76,38.3,83.3333333333333
5,570,25,90.79,38.05,83.3333333333333
5,577,26,90.82,37.65,83.3333333333333
5,577,26,90.74,37.97,83.3333333333333
5,577,26,90.68,37,83.3333333333333
5,588,28,90.74,37.14,83.3333333333333
5,588,28,90.71,36.82,83.3333333333333
5,588,28,90.71,36.51,83.3333333333333
5,577,26,90.65,36.59,83.3333333333333
5,552,23,90.68,36.14,83.3333333333333
5,545,22,90.65,36.38,83.3333333333333
5,545,22,90.74,37.22,83.3333333333333
5,545,22,90.74,37.95,83.3333333333333
5,552,23,90.71,37.45,83.3333333333333
5,570,25,90.76,38.86,83.3333333333333
5,588,28,90.71,38.74,83.3333333333333
5,577,26,90.76,38.52,83.3333333333333
5,588,28,90.74,38.19,83.3333333333333
5,588,28,90.71,38.39,83.3333333333333
5,577,26,90.71,38.41,83.3333333333333
5,561,24,90.68,38.21,83.3333333333333
5,561,24,90.68,37.59,83.3333333333333
5,561,24,90.71,36.75,83.3333333333333
5,570,25,90.68,36.49,83.3333333333333
5,594,29,90.71,36.9,83.3333333333333
5,614,32,90.74,37.55,83.3333333333333
5,614,32,90.71,37.53,83.3333333333333
5,620,33,90.71,37.28,83.3333333333333
5,594,29,90.68,37.79,83.3333333333333
5,602,30,90.65,37.75,83.3333333333333
5,594,29,90.71,37.85,83.3333333333333
5,588,28,90.65,37.81,83.3333333333333
5,564,24,90.65,39.2,83.3333333333333
5,588,28,90.57,39.51,83.3333333333333
5,611,32,90.62,39.51,83.3333333333333
5,611,32,90.6,38.27,83.3333333333333
5,588,28,90.62,38.77,83.3333333333333
5,588,28,90.57,40.67,83.3333333333333
5,588,28,90.6,41.24,83.3333333333333
5,588,28,90.54,40.29,83.3333333333333
5,594,29,90.57,39.37,83.3333333333333
5,588,28,90.57,39.43,83.3333333333333
5,602,30,90.51,39.43,83.3333333333333
5,594,29,90.51,37.96,83.3333333333333
5,578,27,90.45,37.27,83.3333333333333
5,569,25,90.54,37.64,83.3333333333333
5,594,29,90.51,37.37,83.3333333333333
5,611,32,90.51,38.32,83.3333333333333
5,623,33,90.51,37.92,83.3333333333333
5,638,36,90.51,38.32,83.3333333333333
5,638,36,90.48,38.72,83.3333333333333
5,650,38,90.45,38.46,83.3333333333333
5,657,39,90.54,38.12,83.3333333333333
5,668,40,90.45,38.79,83.3333333333333
5,690,44,90.51,40.51,83.3333333333333
5,679,42,90.43,40.24,83.3333333333333
5,650,38,90.43,39.82,83.3333333333333
5,629,34,90.37,38.72,83.3333333333333
5,629,34,90.37,38.29,83.3333333333333
5,638,36,90.4,39.8,83.3333333333333
5,650,38,90.4,40.28,83.3333333333333
5,638,36,90.34,39.42,83.3333333333333
5,650,38,90.29,39.46,83.3333333333333
5,638,36,90.29,38.49,83.3333333333333
5,602,30,90.29,38.05,83.3333333333333
5,588,28,90.29,37.77,83.3333333333333
5,594,29,90.37,38.26,83.3333333333333
5,594,29,90.34,40.16,83.3333333333333
5,594,29,90.31,39.56,83.3333333333333
5,588,28,90.29,39.58,83.3333333333333
5,578,27,90.31,39.54,83.3333333333333
5,569,25,90.34,38.91,83.3333333333333
5,569,25,90.26,38.17,83.3333333333333
5,564,24,90.29,37.4,83.3333333333333
5,552,23,90.26,36.97,83.3333333333333
5,546,22,90.26,36.79,83.3333333333333
5,546,22,90.29,36.63,83.3333333333333
5,546,22,90.29,37.12,83.3333333333333
5,546,22,90.17,36.42,83.3333333333333
5,537,20,90.23,36.36,83.3333333333333
5,546,22,90.23,36.21,83.3333333333333
5,546,22,90.26,37.01,83.3333333333333
5,537,20,90.23,37.01,83.3333333333333
5,537,20,90.26,37.14,83.3333333333333
5,546,22,90.26,37.38,83.3333333333333
5,564,24,90.23,37.32,83.3333333333333
5,552,23,90.2,37.07,83.3333333333333
5,531,19,90.2,37.58,83.3333333333333
5,540,21,90.17,37.72,83.3333333333333
5,526,19,90.15,36.66,83.3333333333333
5,517,17,90.15,36.05,83.3333333333333
5,505,15,90.12,36.52,83.3333333333333
5,505,15,90.12,36.78,83.3333333333333
5,526,19,90.17,37.74,83.3333333333333
5,546,22,90.12,38.38,83.3333333333333
5,546,22,90.15,38.54,83.3333333333333
5,546,22,90.03,38.13,83.3333333333333
5,540,21,90.06,37.21,83.3333333333333
5,531,19,90.09,36.86,83.3333333333333
5,531,19,90,37.17,83.3333333333333
5,540,21,90.09,38.14,83.3333333333333
5,546,22,90.06,39.04,83.3333333333333
5,565,25,90.12,39.41,83.3333333333333
5,578,27,90.17,40.61,83.3333333333333
5,597,30,90.2,42.96,83.3333333333333
5,586,28,90.23,42.5,83.3333333333333
5,565,25,90.17,41.12,83.3333333333333
5,555,23,90.23,39.79,83.3333333333333
5,540,21,90.2,39.95,83.3333333333333
5,546,22,90.23,40.15,83.3333333333333
5,555,23,90.17,38.75,83.3333333333333
5,546,22,90.23,37.68,83.3333333333333
5,540,21,90.26,37.8,83.3333333333333
5,546,22,90.31,37.81,83.3333333333333
5,540,21,90.23,37.64,83.3333333333333
5,540,21,90.2,36.91,83.3333333333333
5,540,21,90.2,36.75,83.3333333333333
5,540,21,90.23,36.63,83.3333333333333
5,546,22,90.29,36.55,83.3333333333333
5,555,23,90.23,36.32,83.3333333333333
5,546,22,90.29,36.16,83.3333333333333
5,540,21,90.23,36.63,83.3333333333333
5,531,19,90.29,36.48,83.3333333333333
5,540,21,90.29,36.26,83.3333333333333
5,546,22,90.26,36.32,83.3333333333333
5,565,25,90.29,36.57,83.3333333333333
5,570,25,90.29,36.79,83.3333333333333
5,570,25,90.29,36.69,83.3333333333333
5,565,25,90.31,37.18,83.3333333333333
5,555,23,90.31,38.62,83.3333333333333
5,570,25,90.29,40.13,83.3333333333333
5,578,27,90.34,41.11,83.3333333333333
5,578,27,90.34,40.5,83.3333333333333
5,565,25,90.31,39.88,83.3333333333333
5,570,25,90.31,39.46,83.3333333333333
5,570,25,90.4,39.28,83.3333333333333
5,565,25,90.4,39.14,83.3333333333333
5,565,25,90.34,39.06,83.3333333333333
5,555,23,90.34,38.6,83.3333333333333
5,546,22,90.4,38.26,83.3333333333333
5,570,25,90.4,38.58,83.3333333333333
5,597,30,90.29,38.15,83.3333333333333
5,597,30,90.23,38.09,83.3333333333333
5,586,28,90.29,37.81,83.3333333333333
5,570,25,90.23,36.99,83.3333333333333
5,578,27,90.23,37.8,83.3333333333333
5,555,23,90.26,39.54,83.3333333333333
5,589,28,90.23,40.49,83.3333333333333
5,600,30,90.17,40.92,83.3333333333333
5,580,27,90.12,39.29,83.3333333333333
5,574,26,90.17,39.01,83.3333333333333
5,564,24,90.17,39.07,83.3333333333333
5,542,21,90.17,39.25,83.3333333333333
5,534,20,90.09,37.23,83.3333333333333
5,526,19,90.17,37.35,83.3333333333333
5,526,19,90.2,38.41,83.3333333333333
5,526,19,90.15,37.47,83.3333333333333
5,526,19,90.23,37.62,83.3333333333333
5,534,20,90.29,38.77,83.3333333333333
5,526,19,90.23,39.35,83.3333333333333
5,526,19,90.23,37.82,83.3333333333333
5,519,18,90.23,37.62,83.3333333333333
5,519,18,90.23,36.93,83.3333333333333
5,506,16,90.29,36.28,83.3333333333333
5,506,16,90.34,35.75,83.3333333333333
5,506,16,90.34,35.53,83.3333333333333
5,506,16,90.37,35.43,83.3333333333333
5,526,19,90.37,35.61,83.3333333333333
5,519,18,90.34,35.82,83.3333333333333
5,506,16,90.4,35.68,83.3333333333333
5,501,15,90.45,37.11,83.3333333333333
5,501,15,90.45,36.84,83.3333333333333
5,501,15,90.45,37.71,83.3333333333333
5,506,16,90.48,36.78,83.3333333333333
5,506,16,90.45,36.28,83.3333333333333
5,506,16,90.51,36.5,83.3333333333333
5,501,15,90.54,36.05,83.3333333333333
5,501,15,90.51,35.7,83.3333333333333
5,501,15,90.51,35.44,83.3333333333333
5,493,14,90.51,35.34,83.3333333333333
5,493,14,90.57,35.32,83.3333333333333
5,501,15,90.51,35.23,83.3333333333333
5,501,15,90.57,35.25,83.3333333333333
5,501,15,90.54,35.4,83.3333333333333
5,501,15,90.6,36.89,83.3333333333333
5,519,18,90.62,37.09,83.3333333333333
5,534,20,90.51,36.76,83.3333333333333
5,564,24,90.57,37.25,83.3333333333333
5,564,24,90.51,37.23,83.3333333333333
5,574,26,90.51,37.58,83.3333333333333
5,600,30,90.51,37.54,83.3333333333333
5,600,30,90.51,37.54,83.3333333333333
5,574,26,90.51,37.13,83.3333333333333
5,564,24,90.54,37.58,83.3333333333333
5,564,24,90.54,37.54,83.3333333333333
5,555,23,90.54,37.23,83.3333333333333
4,548,22,90.6,36.75,66.6666666666667
4,542,21,90.6,36.28,66.6666666666667
4,534,20,90.6,36.61,66.6666666666667
4,542,21,90.6,36.83,66.6666666666667
4,548,22,90.6,36.61,66.6666666666667
4,548,22,90.6,36.48,66.6666666666667
4,555,23,90.65,36.1,66.6666666666667
4,548,22,90.62,36.59,66.6666666666667
4,542,21,90.71,37.22,66.6666666666667
4,548,22,90.71,38.46,66.6666666666667
4,536,20,90.71,38.23,66.6666666666667
4,536,20,90.71,37.28,66.6666666666667
4,529,19,90.68,37.93,66.6666666666667
4,529,19,90.65,37.4,66.6666666666667
4,529,19,90.71,37.73,66.6666666666667
4,529,19,90.71,37.53,66.6666666666667
4,529,19,90.74,36.53,66.6666666666667
4,523,18,90.71,35.89,66.6666666666667
4,515,17,90.65,35.82,66.6666666666667
4,515,17,90.71,35.63,66.6666666666667
4,523,18,90.71,36.16,66.6666666666667
4,536,20,90.65,37,66.6666666666667
4,536,20,90.71,36.37,66.6666666666667
4,542,21,90.71,36.23,66.6666666666667
4,536,20,90.71,36.57,66.6666666666667
4,542,21,90.71,36.57,66.6666666666667
4,529,19,90.71,37.28,66.6666666666667
4,529,19,90.68,37.36,66.6666666666667
4,529,19,90.65,38.23,66.6666666666667
4,529,19,90.71,37.71,66.6666666666667
4,536,20,90.65,37.16,66.6666666666667
4,542,21,90.65,37.16,66.6666666666667
4,536,20,90.6,36.36,66.6666666666667
4,536,20,90.62,36.06,66.6666666666667
4,552,23,90.65,36.61,66.6666666666667
4,560,24,90.68,37.68,66.6666666666667
4,542,21,90.65,36.97,66.6666666666667
4,536,20,90.62,36.87,66.6666666666667
4,536,20,90.6,36.08,66.6666666666667
4,536,20,90.65,37.87,66.6666666666667
4,542,21,90.62,37.3,66.6666666666667
4,536,20,90.57,36.32,66.6666666666667
4,536,20,90.6,35.99,66.6666666666667
4,536,20,90.6,36.01,66.6666666666667
4,523,18,90.68,35.86,66.6666666666667
4,523,18,90.65,36.2,66.6666666666667
4,523,18,90.65,36.57,66.6666666666667
4,523,18,90.65,36.04,66.6666666666667
4,523,18,90.6,35.77,66.6666666666667
4,523,18,90.65,36.43,66.6666666666667
4,529,19,90.71,37.2,66.6666666666667
4,529,19,90.68,38.55,66.6666666666667
4,536,20,90.68,37.36,66.6666666666667
4,552,23,90.65,36.47,66.6666666666667
4,560,24,90.76,37.61,66.6666666666667
4,567,25,90.65,37.32,66.6666666666667
4,560,24,90.71,36.55,66.6666666666667
4,552,23,90.76,37.53,66.6666666666667
4,578,27,90.76,40.24,66.6666666666667
4,586,28,90.76,41.25,66.6666666666667
4,578,27,90.79,42.99,66.6666666666667
4,594,29,90.76,41.69,66.6666666666667
4,586,28,90.82,41.02,66.6666666666667
4,578,27,90.76,40.28,66.6666666666667
4,586,28,90.76,40.12,66.6666666666667
4,594,29,90.76,39.5,66.6666666666667
4,586,28,90.79,39.64,66.6666666666667
4,578,27,90.85,39.95,66.6666666666667
4,586,28,90.79,39.88,66.6666666666667
4,553,23,90.85,41.16,66.6666666666667
4,553,23,90.82,41.24,66.6666666666667
4,553,23,90.88,39.9,66.6666666666667
4,543,21,90.82,38.46,66.6666666666667
4,536,20,90.82,38.24,66.6666666666667
4,536,20,90.82,38.1,66.6666666666667
4,536,20,90.85,38.73,66.6666666666667
4,543,21,90.88,38.77,66.6666666666667
4,543,21,90.82,38.77,66.6666666666667
4,553,23,90.82,37.43,66.6666666666667
4,536,20,90.85,37.78,66.6666666666667
4,536,20,90.9,37.94,66.6666666666667
4,536,20,90.85,39.63,66.6666666666667
4,536,20,90.88,39.53,66.6666666666667
4,530,19,90.96,38.34,66.6666666666667
4,519,18,90.93,38.37,66.6666666666667
4,519,18,90.9,37.31,66.6666666666667
4,514,17,90.88,36.38,66.6666666666667
4,519,18,90.82,36.05,66.6666666666667
4,514,17,90.82,36.4,66.6666666666667
4,530,19,90.82,36.25,66.6666666666667
4,519,18,90.76,36.41,66.6666666666667
4,530,19,90.76,36.39,66.6666666666667
4,519,18,90.76,36.35,66.6666666666667
4,514,17,90.76,36.82,66.6666666666667
4,514,17,90.82,37.73,66.6666666666667
4,530,19,90.85,37.33,66.6666666666667
4,536,20,90.82,37.39,66.6666666666667
4,530,19,90.79,37.02,66.6666666666667
4,519,18,90.88,36.09,66.6666666666667
4,519,18,90.93,35.72,66.6666666666667
4,514,17,90.88,36.21,66.6666666666667
4,514,17,90.93,38.23,66.6666666666667
4,519,18,90.93,39.27,66.6666666666667
4,561,24,90.9,40.71,66.6666666666667
4,543,21,90.88,39.61,66.6666666666667
4,536,20,90.85,38.8,66.6666666666667
4,530,19,90.76,38.14,66.6666666666667
4,536,20,90.88,37.03,66.6666666666667
4,536,20,90.99,38.63,66.6666666666667
4,553,23,90.88,39.01,66.6666666666667
4,561,24,90.93,38.26,66.6666666666667
4,561,24,90.93,38.69,66.6666666666667
4,561,24,90.93,38,66.6666666666667
4,553,23,90.88,36.82,66.6666666666667
4,578,27,90.96,37.11,66.6666666666667
4,543,21,90.9,37.21,66.6666666666667
4,543,21,90.93,37.09,66.6666666666667
4,553,23,90.93,37.8,66.6666666666667
4,561,24,90.88,37.72,66.6666666666667
4,553,23,90.99,38.15,66.6666666666667
4,536,20,90.88,38.4,66.6666666666667
4,519,18,90.93,38.33,66.6666666666667
4,514,17,90.99,37.66,66.6666666666667
4,502,15,90.99,37.78,66.6666666666667
4,514,17,90.99,38.13,66.6666666666667
4,519,18,90.93,38.25,66.6666666666667
4,519,18,90.93,37.62,66.6666666666667
4,519,18,91.02,38.79,66.6666666666667
4,506,16,90.99,39.07,66.6666666666667
4,506,16,90.96,38.35,66.6666666666667
4,506,16,90.99,38.01,66.6666666666667
4,497,14,90.99,37.7,66.6666666666667
4,492,14,90.93,37.09,66.6666666666667
4,497,14,90.99,37.88,66.6666666666667
4,524,18,91.05,38.35,66.6666666666667
4,574,26,90.99,39.05,66.6666666666667
4,574,26,90.99,39.07,66.6666666666667
4,566,25,90.99,38.77,66.6666666666667
4,548,22,90.99,38.75,66.6666666666667
4,524,18,90.99,37.88,66.6666666666667
4,524,18,91.05,37.83,66.6666666666667
4,534,20,91.02,38.69,66.6666666666667
4,548,22,90.99,39.54,66.6666666666667
4,548,22,90.99,39.93,66.6666666666667
4,548,22,90.96,39.68,66.6666666666667
4,548,22,91.05,39.72,66.6666666666667
4,540,21,91.02,38.79,66.6666666666667
4,540,21,90.99,38.05,66.6666666666667
4,534,20,91.02,37.42,66.6666666666667
4,524,18,90.99,36.79,66.6666666666667
4,540,21,91.02,37.42,66.6666666666667
4,548,22,90.99,37.16,66.6666666666667
4,540,21,91.05,36.89,66.6666666666667
4,517,17,91.07,36.39,66.6666666666667
4,506,16,90.99,36.38,66.6666666666667
4,524,18,90.99,36.81,66.6666666666667
4,524,18,90.99,36.51,66.6666666666667
4,524,18,90.96,36.46,66.6666666666667
4,524,18,90.93,36.85,66.6666666666667
4,534,20,90.99,37.87,66.6666666666667
4,524,18,90.9,37.56,66.6666666666667
4,517,17,90.88,36.8,66.6666666666667
4,506,16,90.85,36.46,66.6666666666667
4,517,17,90.85,37.09,66.6666666666667
4,517,17,90.85,37.11,66.6666666666667
4,534,20,90.93,37.32,66.6666666666667
4,534,20,90.88,37.52,66.6666666666667
4,534,20,90.93,37.86,66.6666666666667
4,548,22,90.88,38.35,66.6666666666667
4,540,21,90.82,37.82,66.6666666666667
4,534,20,90.76,37.1,66.6666666666667
4,548,22,90.76,37,66.6666666666667
4,524,18,90.76,36.41,66.6666666666667
4,506,16,90.71,35.75,66.6666666666667
4,485,12,90.65,35.32,66.6666666666667
4,480,12,90.71,35.63,66.6666666666667
4,473,11,90.65,36.18,66.6666666666667
4,473,11,90.68,36.22,66.6666666666667
4,480,12,90.65,36.53,66.6666666666667
4,480,12,90.65,37.04,66.6666666666667
4,480,12,90.71,37.22,66.6666666666667
4,480,12,90.65,37.54,66.6666666666667
4,485,12,90.71,37.34,66.6666666666667
4,485,12,90.74,37.71,66.6666666666667
4,492,14,90.74,37.71,66.6666666666667
4,497,14,90.76,37.32,66.6666666666667
4,492,14,90.68,36.84,66.6666666666667
4,465,9,90.74,36.43,66.6666666666667
4,475,11,90.79,37.51,66.6666666666667
4,475,11,90.76,38.16,66.6666666666667
4,465,9,90.76,37.81,66.6666666666667
4,465,9,90.79,36.69,66.6666666666667
4,465,9,90.65,36.54,66.6666666666667
4,480,12,90.71,36.79,66.6666666666667
4,495,14,90.74,37.43,66.6666666666667
4,515,17,90.71,37.59,66.6666666666667
4,529,19,90.71,37.95,66.6666666666667
4,501,15,90.76,38.01,66.6666666666667
4,495,14,90.68,37.53,66.6666666666667
4,488,13,90.68,37.06,66.6666666666667
4,480,12,90.71,36.49,66.6666666666667
4,480,12,90.74,37.75,66.6666666666667
4,475,11,90.74,37.53,66.6666666666667
4,475,11,90.71,37.41,66.6666666666667
4,480,12,90.74,37.14,66.6666666666667
4,475,11,90.6,37.01,66.6666666666667
4,465,9,90.65,37,66.6666666666667
4,461,9,90.6,36.28,66.6666666666667
4,461,9,90.6,35.85,66.6666666666667
4,475,11,90.51,36.09,66.6666666666667
4,475,11,90.51,36.44,66.6666666666667
4,480,12,90.48,36.46,66.6666666666667
4,475,11,90.45,36.39,66.6666666666667
4,480,12,90.48,36.7,66.6666666666667
4,488,13,90.51,37.17,66.6666666666667
4,495,14,90.51,38.87,66.6666666666667
4,480,12,90.4,37.53,66.6666666666667
4,480,12,90.31,36.79,66.6666666666667
4,480,12,90.37,36.61,66.6666666666667
4,465,9,90.34,36.67,66.6666666666667
4,475,11,90.4,37.71,66.6666666666667
4,480,12,90.34,37.61,66.6666666666667
4,480,12,90.34,37.16,66.6666666666667
4,480,12,90.4,38.64,66.6666666666667
4,480,12,90.34,38.47,66.6666666666667
4,495,14,90.37,38.88,66.6666666666667
4,501,15,90.34,38.41,66.6666666666667
4,501,15,90.37,38.23,66.6666666666667
4,515,17,90.31,38.13,66.6666666666667
4,515,17,90.31,37.79,66.6666666666667
4,501,15,90.29,37.16,66.6666666666667
4,488,13,90.23,36.51,66.6666666666667
4,488,13,90.31,36.69,66.6666666666667
4,488,13,90.26,36.97,66.6666666666667
4,488,13,90.34,37.22,66.6666666666667
4,495,14,90.34,38.23,66.6666666666667
4,515,17,90.34,39.34,66.6666666666667
4,501,15,90.34,39.6,66.6666666666667
4,515,17,90.31,38.91,66.6666666666667
4,529,19,90.31,38.45,66.6666666666667
4,529,19,90.26,38.27,66.6666666666667
4,520,18,90.29,38.07,66.6666666666667
4,529,19,90.29,39.09,66.6666666666667
4,520,18,90.26,38.79,66.6666666666667
4,529,19,90.29,38.35,66.6666666666667
4,537,20,90.31,39.24,66.6666666666667
4,515,17,90.2,37.5,66.6666666666667
4,475,11,90.15,36.56,66.6666666666667
4,475,11,90.17,36.64,66.6666666666667
4,475,11,90.2,36.97,66.6666666666667
4,466,10,90.23,36.83,66.6666666666667
4,466,10,90.26,37.48,66.6666666666667
4,459,8,90.17,37.58,66.6666666666667
4,459,8,90.12,36.96,66.6666666666667
4,454,8,90.23,36.64,66.6666666666667
4,459,8,90.15,36.99,66.6666666666667
4,459,8,90.17,37.17,66.6666666666667
4,459,8,90.2,37.13,66.6666666666667
4,459,8,90.26,37.48,66.6666666666667
4,459,8,90.2,37.44,66.6666666666667
4,466,10,90.17,37.6,66.6666666666667
4,475,11,90.2,37.86,66.6666666666667
4,475,11,90.23,38.75,66.6666666666667
4,481,12,90.17,38.51,66.6666666666667
4,481,12,90.12,38.22,66.6666666666667
4,481,12,90.17,37.47,66.6666666666667
4,491,13,90.2,37.39,66.6666666666667
4,491,13,90.17,38.27,66.6666666666667
4,496,14,90.17,37.92,66.6666666666667
4,502,15,90.17,38.08,66.6666666666667
4,496,14,90.17,38.24,66.6666666666667
4,496,14,90.2,38.21,66.6666666666667
4,502,15,90.17,37.7,66.6666666666667
4,502,15,90.17,37.21,66.6666666666667
4,496,14,90.23,37.3,66.6666666666667
4,496,14,90.17,37.27,66.6666666666667
4,481,12,90.17,37.07,66.6666666666667
4,481,12,90.2,37.7,66.6666666666667
4,491,13,90.23,37.66,66.6666666666667
4,491,13,90.23,37.54,66.6666666666667
4,491,13,90.26,37.76,66.6666666666667
4,491,13,90.17,38.04,66.6666666666667
4,481,12,90.17,38.18,66.6666666666667
4,481,12,90.2,37.6,66.6666666666667
4,481,12,90.26,38.39,66.6666666666667
4,491,13,90.26,38.65,66.6666666666667
4,491,13,90.29,38.77,66.6666666666667
4,496,14,90.29,38.31,66.6666666666667
4,496,14,90.29,37.83,66.6666666666667
4,496,14,90.31,37.84,66.6666666666667
4,491,13,90.31,37.91,66.6666666666667
4,491,13,90.34,38.11,66.6666666666667
4,491,13,90.26,38.01,66.6666666666667
4,496,14,90.34,37.61,66.6666666666667
4,491,13,90.34,37.61,66.6666666666667
4,491,13,90.34,38.31,66.6666666666667
4,491,13,90.29,38.51,66.6666666666667
4,491,13,90.31,38.33,66.6666666666667
4,491,13,90.34,38.62,66.6666666666667
4,496,14,90.29,38.13,66.6666666666667
3,502,15,90.34,38.13,50
3,502,15,90.29,37.57,50
3,502,15,90.26,36.63,50
3,491,13,90.34,35.98,50
3,502,15,90.37,36.41,50
3,515,17,90.4,38.07,50
3,485,12,90.34,38.21,50
3,478,11,90.4,37.83,50
3,478,11,90.4,38.78,50
3,473,11,90.48,39.41,50
3,473,11,90.48,38.71,50
3,473,11,90.51,37.62,50
3,473,11,90.57,38.95,50
3,473,11,90.57,39.22,50
3,473,11,90.54,38.32,50
3,478,11,90.6,38.41,50
3,473,11,90.57,37.36,50
3,473,11,90.65,37.24,50
3,462,9,90.57,36.81,50
3,462,9,90.6,37.66,50
3,456,8,90.71,36.88,50
3,456,8,90.65,36.36,50
3,456,8,90.76,36.06,50
3,456,8,90.74,36.37,50
3,451,7,90.82,36.7,50
3,451,7,90.85,38,50
3,451,7,90.79,39.16,50
3,456,8,90.88,38.36,50
3,443,6,90.9,37.68,50
3,443,6,90.85,36.66,50
3,438,5,90.82,36.27,50
3,443,6,90.9,36.48,50
3,456,8,90.88,37.66,50
3,462,9,90.88,38.12,50
3,473,11,90.85,38.46,50
3,485,12,90.82,37.37,50
3,485,12,90.82,36.68,50
3,473,11,90.79,36.17,50
3,462,9,90.76,35.78,50
3,456,8,90.85,36.38,50
3,451,7,90.88,37.49,50
3,456,8,90.85,36.96,50
3,462,9,90.82,37.21,50
3,456,8,90.85,36.33,50
3,456,8,90.82,35.82,50
3,451,7,90.76,35.7,50
3,456,8,90.71,36.04,50
3,456,8,90.71,35.59,50
3,462,9,90.79,35.53,50
3,462,9,90.82,36.25,50
3,456,8,90.76,37.41,50
3,451,7,90.79,37.69,50
3,451,7,90.76,37.51,50
3,451,7,90.74,36.59,50
3,451,7,90.82,36.43,50
3,451,7,90.76,36.55,50
3,451,7,90.76,36.74,50
3,443,6,90.76,36.45,50
3,443,6,90.62,36.08,50
3,451,7,90.65,36.04,50
3,451,7,90.65,36.46,50
3,451,7,90.6,36.83,50
3,451,7,90.54,36.99,50
3,451,7,90.6,36.52,50
3,462,9,90.57,36.68,50
3,446,7,90.57,37.07,50
3,446,7,90.54,37.42,50
3,455,8,90.54,36.93,50
3,446,7,90.57,36.77,50
3,455,8,90.54,35.99,50
3,446,7,90.57,35.89,50
3,455,8,90.57,36.89,50
3,460,9,90.57,37.4,50
3,465,9,90.57,37.44,50
3,460,9,90.57,37.8,50
3,455,8,90.51,38.03,50
3,441,6,90.45,37.27,50
3,441,6,90.48,36.4,50
3,446,7,90.51,36.48,50
3,446,7,90.57,37.38,50
3,455,8,90.57,37.62,50
3,455,8,90.65,38.21,50
3,455,8,90.71,38.79,50
3,446,7,90.68,38.62,50
3,441,6,90.71,37.71,50
3,435,5,90.71,37.18,50
3,435,5,90.76,36.86,50
3,441,6,90.74,36.7,50
3,435,5,90.82,36.41,50
3,441,6,90.88,36.11,50
3,455,8,90.88,36.99,50
3,465,9,90.88,37.54,50
3,482,12,90.96,38.06,50
3,488,13,90.93,38.43,50
3,488,13,90.88,37.54,50
3,482,12,90.96,36.79,50
3,476,11,91.05,37.44,50
3,465,9,91.02,37.64,50
3,460,9,91.05,37.44,50
3,446,7,90.99,36.51,50
3,455,8,91.07,37.2,50
3,465,9,90.93,36.93,50
3,476,11,91.1,36.84,50
3,482,12,91.05,36.71,50
3,465,9,91.07,36.61,50
3,455,8,91.1,36.41,50
3,441,6,91.13,36.7,50
3,435,5,91.16,36,50
3,441,6,91.24,36.68,50
3,435,5,91.27,36.44,50
3,425,3,91.27,35.69,50
3,425,3,91.3,35.95,50
3,421,3,91.38,36.51,50
3,421,3,91.33,36.5,50
3,425,3,91.35,36.89,50
3,441,6,91.33,36.4,50
3,435,5,91.3,35.62,50
3,435,5,91.38,35.18,50
3,441,6,91.35,34.83,50
3,446,7,91.33,34.89,50
3,446,7,91.38,35.61,50
3,441,6,91.33,35.42,50
3,425,3,91.35,35.13,50
3,435,5,91.38,34.85,50
3,425,3,91.44,35.49,50
3,410,1,91.44,35.55,50
3,410,1,91.44,35.22,50
3,410,1,91.52,34.91,50
3,406,0,91.5,34.85,50
3,410,1,91.52,34.89,50
3,410,1,91.5,34.77,50
3,410,1,91.61,35.09,50
3,410,1,91.61,35.68,50
3,418,2,91.61,36.56,50
3,410,1,91.55,37.34,50
3,410,1,91.61,37.07,50
3,410,1,91.52,36.37,50
3,410,1,91.55,35.92,50
3,406,0,91.55,35.66,50
3,406,0,91.47,34.9,50
3,406,0,91.55,34.28,50
3,406,0,91.44,34.19,50
3,406,0,91.33,34.6,50
3,406,0,91.38,34.89,50
3,406,0,91.33,34.76,50
3,406,0,91.38,35.2,50
3,410,1,91.38,35.46,50
3,410,1,91.35,36.63,50
3,410,1,91.35,35.85,50
3,410,1,91.38,35.69,50
3,410,1,91.38,35.77,50
3,406,0,91.38,35.93,50
3,406,0,91.38,35.53,50
3,410,1,91.38,35.87,50
3,410,1,91.33,35.48,50
3,410,1,91.3,35.29,50
3,410,1,91.33,35.34,50
3,410,1,91.35,35.3,50
3,410,1,91.38,35.53,50
3,418,2,91.24,34.96,50
3,418,2,91.21,34.71,50
3,410,1,91.21,34.61,50
3,410,1,91.27,35.04,50
3,418,2,91.21,35.68,50
3,423,3,91.24,35.72,50
3,439,5,91.16,36.13,50
3,450,7,91.24,35.91,50
3,450,7,91.27,35.68,50
3,444,6,91.27,35.74,50
3,444,6,91.33,35.58,50
3,439,5,91.33,35.28,50
3,428,4,91.3,35.07,50
3,439,5,91.27,35.19,50
3,439,5,91.38,35.34,50
3,428,4,91.35,35.44,50
3,428,4,91.38,35.87,50
3,439,5,91.38,35.94,50
3,428,4,91.38,35.71,50
3,439,5,91.38,35.57,50
3,439,5,91.38,35.4,50
3,439,5,91.38,35.19,50
3,439,5,91.38,35.05,50
3,428,4,91.38,34.83,50
3,428,4,91.38,34.79,50
3,409,1,91.38,34.64,50
3,409,1,91.38,34.5,50
3,409,1,91.33,34.39,50
3,405,0,91.3,34.39,50
3,409,1,91.27,34.62,50
3,415,2,91.27,34.88,50
3,409,1,91.27,35.15,50
3,409,1,91.21,35.03,50
3,409,1,91.13,34.71,50
3,409,1,91.13,34.57,50
3,405,0,91.16,34.48,50
3,405,0,91.1,34.5,50
3,405,0,91.02,34.95,50
3,409,1,91.05,35.05,50
3,427,4,90.9,34.78,50
3,423,3,90.82,34.55,50
3,415,2,90.88,34.78,50
3,415,2,90.93,34.88,50
3,415,2,90.88,35.07,50
3,415,2,90.82,34.82,50
3,409,1,90.9,34.95,50
3,409,1,90.93,36.46,50
3,409,1,90.93,37.25,50
3,409,1,90.88,36.68,50
3,409,1,90.88,36.58,50
3,409,1,90.9,36.91,50
3,409,1,90.93,36.6,50
3,415,2,90.82,36.19,50
3,423,3,90.93,35.81,50
3,427,4,90.9,36.12,50
3,427,4,90.99,36.38,50
3,435,5,90.93,36.77,50
3,435,5,90.99,36.97,50
3,443,6,90.96,37.07,50
3,443,6,90.99,37.24,50
3,443,6,91.05,37.34,50
3,435,5,91.05,37.46,50
3,435,5,91.02,37.54,50
3,435,5,91.05,36.89,50
3,435,5,90.99,37.12,50
3,443,6,90.96,36.95,50
3,443,6,91.05,37.22,50
3,448,7,91.02,37.5,50
3,443,6,91.05,37.77,50
3,443,6,91.02,36.89,50
3,443,6,91.02,36.47,50
3,435,5,90.93,36.26,50
3,435,5,91.05,36.53,50
3,427,4,91.05,37.08,50
3,427,4,91.05,36.76,50
3,427,4,91.05,37.46,50
3,427,4,91.05,36.67,50
3,427,4,91.13,37.12,50
3,423,3,91.05,37.06,50
3,423,3,91.05,36.63,50
3,423,3,91.07,36.47,50
3,423,3,91.05,36.79,50
3,423,3,90.99,36.93,50
3,423,3,91.05,37.4,50
3,413,1,91.05,37.05,50
3,408,1,91.07,36.69,50
3,413,1,91.05,36,50
3,413,1,91.07,36.29,50
3,413,1,91.07,36.79,50
3,408,1,90.99,36.18,50
3,413,1,90.96,35.97,50
3,418,2,90.9,35.48,50
3,425,3,90.99,36.42,50
3,433,5,90.96,36.77,50
3,446,7,90.99,36.93,50
3,465,9,90.99,36.97,50
3,452,7,90.96,37.48,50
3,433,5,91.02,37.1,50
3,418,2,91.02,36.26,50
3,413,1,90.96,35.79,50
3,413,1,91.05,35.88,50
3,413,1,91.07,36.04,50
3,413,1,91.1,36.61,50
3,425,3,91.16,36.82,50
3,433,5,91.16,36.6,50
3,446,7,91.1,36.39,50
3,465,9,91.1,36,50
3,452,7,91.1,35.94,50
3,439,5,91.1,36.39,50
3,425,3,91.1,35.88,50
3,425,3,91.07,35.79,50
3,418,2,91.1,35.71,50
3,425,3,91.05,35.36,50
3,418,2,91.05,36.08,50
3,425,3,91.07,36.24,50
3,418,2,91.07,36.04,50
3,408,1,90.99,35.71,50
3,408,1,91.02,35.63,50
3,413,1,91.05,35.22,50
3,413,1,90.99,34.99,50
3,413,1,90.99,35.38,50
3,413,1,91.05,35.51,50
3,413,1,91.05,35.36,50
3,408,1,91.07,35.28,50
3,400,0,91.05,34.93,50
3,400,0,91.02,34.62,50
3,408,1,91.07,34.75,50
3,400,0,91.1,35.1,50
3,408,1,91.13,35.51,50
3,400,0,91.05,35.18,50
3,408,1,91.13,35.57,50
3,413,1,91.1,35.39,50
3,418,2,91.1,35.02,50
3,425,3,91.13,36.12,50
3,425,3,91.05,36.14,50
3,418,2,91.05,36.21,50
3,413,1,91.02,36.08,50
3,413,1,91.13,35.96,50
3,413,1,91.07,36.24,50
3,433,5,91.1,36.43,50
3,425,3,91.1,36.35,50
2,425,3,91.1,35.61,33.3333333333333
2,418,2,91.07,35.65,33.3333333333333
2,414,2,91.1,35.7,33.3333333333333
2,407,1,91.07,35.65,33.3333333333333
2,407,1,91.16,35.74,33.3333333333333
2,407,1,91.21,35.84,33.3333333333333
2,407,1,91.24,36.25,33.3333333333333
2,414,2,91.21,36.64,33.3333333333333
2,420,3,91.16,36.09,33.3333333333333
2,420,3,91.19,36.07,33.3333333333333
2,414,2,91.19,36.27,33.3333333333333
2,414,2,91.21,35.88,33.3333333333333
2,414,2,91.19,35.8,33.3333333333333
2,414,2,91.13,36.17,33.3333333333333
2,414,2,91.21,36.07,33.3333333333333
2,407,1,91.19,35.84,33.3333333333333
2,401,0,91.27,35.29,33.3333333333333
2,401,0,91.24,35.11,33.3333333333333
2,407,1,91.27,35.04,33.3333333333333
2,401,0,91.27,35.17,33.3333333333333
2,401,0,91.27,34.7,33.3333333333333
2,401,0,91.33,34.64,33.3333333333333
2,407,1,91.27,34.9,33.3333333333333
2,407,1,91.27,35.38,33.3333333333333
2,401,0,91.27,35.38,33.3333333333333
2,407,1,91.3,35.46,33.3333333333333
2,401,0,91.38,35.91,33.3333333333333
2,401,0,91.35,36.46,33.3333333333333
2,401,0,91.33,36.28,33.3333333333333
2,407,1,91.33,36.07,33.3333333333333
2,401,0,91.33,35.17,33.3333333333333
2,401,0,91.27,34.68,33.3333333333333
2,401,0,91.24,35.11,33.3333333333333
2,407,1,91.27,35.13,33.3333333333333
2,407,1,91.33,35.17,33.3333333333333
2,407,1,91.38,35.52,33.3333333333333
2,407,1,91.27,35.13,33.3333333333333
2,407,1,91.3,34.99,33.3333333333333
2,407,1,91.3,35.28,33.3333333333333
2,407,1,91.3,35.4,33.3333333333333
2,407,1,91.33,35.42,33.3333333333333
2,407,1,91.33,35.28,33.3333333333333
2,407,1,91.41,35.42,33.3333333333333
2,401,0,91.33,34.99,33.3333333333333
2,401,0,91.33,34.91,33.3333333333333
2,407,1,91.33,34.89,33.3333333333333
2,401,0,91.35,34.62,33.3333333333333
2,401,0,91.38,34.29,33.3333333333333
2,401,0,91.3,34.12,33.3333333333333
2,407,1,91.33,34.56,33.3333333333333
2,414,2,91.38,35.32,33.3333333333333
2,407,1,91.33,35.26,33.3333333333333
2,407,1,91.27,35.11,33.3333333333333
2,414,2,91.38,35.67,33.3333333333333
2,407,1,91.44,35.86,33.3333333333333
2,414,2,91.33,35.38,33.3333333333333
2,401,0,91.33,34.66,33.3333333333333
2,401,0,91.35,35.67,33.3333333333333
2,407,1,91.35,35.5,33.3333333333333
2,420,3,91.44,36.2,33.3333333333333
2,425,3,91.41,36.65,33.3333333333333
2,425,3,91.41,36.28,33.3333333333333
2,405,0,91.41,36.37,33.3333333333333
2,405,0,91.38,36.14,33.3333333333333
2,410,1,91.38,35.65,33.3333333333333
2,417,2,91.38,35.36,33.3333333333333
2,417,2,91.38,35.57,33.3333333333333
2,427,4,91.38,35.61,33.3333333333333
2,423,3,91.3,35.38,33.3333333333333
2,427,4,91.44,35.63,33.3333333333333
2,427,4,91.38,35.62,33.3333333333333
2,427,4,91.38,36.51,33.3333333333333
2,423,3,91.38,36.12,33.3333333333333
2,423,3,91.35,35.63,33.3333333333333
2,423,3,91.35,35.01,33.3333333333333
2,417,2,91.38,35.01,33.3333333333333
2,423,3,91.44,36.73,33.3333333333333
2,423,3,91.44,37.83,33.3333333333333
2,417,2,91.44,37.99,33.3333333333333
2,423,3,91.47,38.38,33.3333333333333
2,423,3,91.44,37.55,33.3333333333333
2,417,2,91.44,35.92,33.3333333333333
2,417,2,91.38,35.55,33.3333333333333
2,410,1,91.5,36.02,33.3333333333333
2,410,1,91.38,35.75,33.3333333333333
2,417,2,91.44,35.53,33.3333333333333
2,417,2,91.47,35.96,33.3333333333333
2,410,1,91.44,35.77,33.3333333333333
2,417,2,91.44,35.59,33.3333333333333
2,427,4,91.38,35.94,33.3333333333333
2,438,5,91.38,36.06,33.3333333333333
2,427,4,91.35,36.28,33.3333333333333
2,438,5,91.35,36.44,33.3333333333333
2,463,9,91.35,36.81,33.3333333333333
2,438,5,91.16,36.41,33.3333333333333
2,405,0,91.05,35.14,33.3333333333333
2,405,0,91.05,34.6,33.3333333333333
2,400,0,90.99,34.37,33.3333333333333
2,400,0,90.9,34.16,33.3333333333333
2,400,0,90.88,34.18,33.3333333333333
2,400,0,90.82,34.08,33.3333333333333
2,400,0,90.88,34.84,33.3333333333333
2,400,0,90.88,35.11,33.3333333333333
2,400,0,90.85,35.47,33.3333333333333
2,400,0,90.71,35,33.3333333333333
2,400,0,90.71,34.77,33.3333333333333
2,400,0,90.65,34.5,33.3333333333333
2,400,0,90.6,34.43,33.3333333333333
2,400,0,90.51,34.55,33.3333333333333
2,406,0,90.45,34.44,33.3333333333333
2,400,0,90.43,34.19,33.3333333333333
2,400,0,90.45,34.36,33.3333333333333
2,400,0,90.43,34.71,33.3333333333333
2,486,13,90.31,36.02,33.3333333333333
2,496,14,90.34,35.9,33.3333333333333
2,502,15,90.31,36.65,33.3333333333333
2,502,15,90.37,36.86,33.3333333333333
2,481,12,90.37,36.88,33.3333333333333
2,463,9,90.34,35.98,33.3333333333333
2,439,5,90.23,35.42,33.3333333333333
2,418,2,90.29,35.61,33.3333333333333
2,407,1,90.2,35.71,33.3333333333333
2,407,1,90.12,35.31,33.3333333333333
2,402,0,90.12,35.11,33.3333333333333
2,402,0,90.17,35.38,33.3333333333333
2,413,1,90.17,36.01,33.3333333333333
2,420,3,90.06,36.19,33.3333333333333
2,420,3,90.12,36.64,33.3333333333333
2,425,3,90.06,36.78,33.3333333333333
2,441,6,90,37.04,33.3333333333333
2,441,6,90.03,36.78,33.3333333333333
2,433,5,90,36.17,33.3333333333333
2,420,3,89.95,35.59,33.3333333333333
2,407,1,89.86,35.4,33.3333333333333
2,407,1,89.78,35.35,33.3333333333333
2,407,1,89.89,35.4,33.3333333333333
2,407,1,89.84,35.46,33.3333333333333
2,407,1,89.78,35.42,33.3333333333333
2,402,0,89.84,35.54,33.3333333333333
2,402,0,89.84,35.54,33.3333333333333
2,402,0,89.84,35.58,33.3333333333333
2,402,0,89.84,36.03,33.3333333333333
2,407,1,89.84,36.42,33.3333333333333
2,407,1,89.75,36.54,33.3333333333333
2,413,1,89.78,36.38,33.3333333333333
2,413,1,89.72,36.48,33.3333333333333
2,413,1,89.78,36.48,33.3333333333333
2,413,1,89.81,36.81,33.3333333333333
2,420,3,89.78,37.11,33.3333333333333
2,420,3,89.72,36.56,33.3333333333333
2,413,1,89.67,36.39,33.3333333333333
2,413,1,89.67,36.31,33.3333333333333
2,407,1,89.7,36.29,33.3333333333333
2,407,1,89.78,37.58,33.3333333333333
2,420,3,89.72,38.34,33.3333333333333
2,433,5,89.84,38.04,33.3333333333333
